rank_,tw_username_tag,followers_rounded,followers_,rank,tw_username,followers_count,likes,location,location_1,location_2,location_3,location_4,location_5,location_6,continent,country,state,city,followers_count_created_at,location_created_at,ranking_date,profile_img_url
1,@ricomarlonz,609000,[609K],43,ricomarlonz,609214,39200.0,"S칚o Paulo, Brasilien",S칚o Paulo,Brasilien,"S칚o Paulo, Brasilien",,"S칚o Paulo, Brasilien",,,Brazil,,,2022-08-13,2022-08-02,2022-08-14,http://pbs.twimg.com/profile_images/1504188250709278726/-KrAzxdP_400x400.jpg
2,@4ndyrodrigues,566000,[566K],50,4ndyrodrigues,565867,41500.0,"Santos, Brazil",Santos,Brazil,"Santos, Brazil",,"Santos, Brazil",,,Brazil,,,2022-08-13,2022-07-31,2022-08-14,http://pbs.twimg.com/profile_images/1357386122314346499/XvybsQPc_400x400.jpg
3,@roscariano,500000,[500K],74,roscariano,500300,18900.0,"Rio de Janeiro, Brasil",Rio de Janeiro,Brasil,"Rio de Janeiro, Brasil",,"Rio de Janeiro, Brasil",,,Brazil,,,2022-08-13,2022-07-07,2022-08-14,http://pbs.twimg.com/profile_images/1533965114457698307/z-t5aK-j_400x400.jpg
4,@meninosonline,387000,[387K],147,meninosonline,387179,,"S칚o Paulo, Brasil",S칚o Paulo,Brasil,"S칚o Paulo, Brasil",,"S칚o Paulo, Brasil",,,Brazil,,,2022-08-13,2022-07-23,2022-08-14,http://pbs.twimg.com/profile_images/1534138745288548353/sBGfINXP_400x400.jpg
5,@colbyx14,362000,[362K],183,colbyx14,361736,68.0,"Rio de Janeiro, Brasil",Rio de Janeiro,Brasil,"Rio de Janeiro, Brasil",,"Rio de Janeiro, Brasil",,,Brazil,,,2022-08-14,2022-08-14,2022-08-14,http://pbs.twimg.com/profile_images/1445199696931217408/gVEg95Ue_400x400.jpg
6,@ryanpaiva131,361000,[361K],186,ryanpaiva131,360962,,"S칚o Paulo, Brasil",S칚o Paulo,Brasil,"S칚o Paulo, Brasil",,"S칚o Paulo, Brasil",,,Brazil,,,2022-08-14,2022-08-14,2022-08-14,http://pbs.twimg.com/profile_images/1508296576019615744/EzF9pRsX_400x400.jpg
7,@tpowerx,322000,[322K],263,tpowerx,321559,29600.0,"Bras칤lia, Brasil",Bras칤lia,Brasil,"Bras칤lia, Brasil",,"Bras칤lia, Brasil",,,Brazil,,Brasilia,2022-08-13,2022-07-26,2022-08-14,http://pbs.twimg.com/profile_images/1486450990463303688/VmhfTY_r_400x400.jpg
8,@blessed_xboy,312000,[312K],285,blessed_xboy,312263,,"S칚o Paulo, Brasil",S칚o Paulo,Brasil,"S칚o Paulo, Brasil",,"S칚o Paulo, Brasil",,,Brazil,,,2022-08-13,2022-08-13,2022-08-14,http://pbs.twimg.com/profile_images/1517096264185303046/RzmO0nvz_400x400.jpg
9,@iguferguson,304000,[304K],310,iguferguson,303961,,"S칚o Paulo, Brasil",S칚o Paulo,Brasil,"S칚o Paulo, Brasil",,"S칚o Paulo, Brasil",,,Brazil,,,2022-08-14,2022-08-09,2022-08-14,http://pbs.twimg.com/profile_images/1511374033908027392/KFK2-tKl_400x400.jpg
10,@furry_hornny,295000,[295K],333,furry_hornny,294693,36400.0,Brasil,Brasil,,Brasil,,Brasil,,,Brazil,,,2022-08-13,2022-08-04,2022-08-14,
11,@sunsetpboy,288000,[288K],350,sunsetpboy,287881,31200.0,Brasil,Brasil,,Brasil,,Brasil,,,Brazil,,,2022-08-14,2022-08-14,2022-08-14,
12,@praxes_romulo,278000,[278K],379,praxes_romulo,278149,,"Vit칩ria, Brasil",Vit칩ria,Brasil,"Vit칩ria, Brasil",,"Vit칩ria, Brasil",,,Brazil,,,2022-08-14,2022-07-12,2022-08-14,http://pbs.twimg.com/profile_images/1501518531967524868/YV6EtE1E_400x400.jpg
13,@guigsims,267000,[267K],406,guigsims,266556,10300.0,"S칚o Paulo, Brasil",S칚o Paulo,Brasil,"S칚o Paulo, Brasil",,"S칚o Paulo, Brasil",,,Brazil,,,2022-08-14,2022-08-14,2022-08-14,
14,@whitewolfbrazil,266000,[266K],409,whitewolfbrazil,265953,18500.0,Brasil,Brasil,,Brasil,,Brasil,,,Brazil,,,2022-08-14,2022-08-14,2022-08-14,http://pbs.twimg.com/profile_images/1529266549768474624/bPTP5MNr_400x400.jpg
15,@ronnyaislan,256000,[256K],437,ronnyaislan,256061,12900.0,"Rio de Janeiro, Brasil",Rio de Janeiro,Brasil,"Rio de Janeiro, Brasil",,"Rio de Janeiro, Brasil",,,Brazil,,,2022-08-14,2022-08-12,2022-08-14,http://pbs.twimg.com/profile_images/1532103835963076608/Cb19voAb_400x400.jpg
16,@dotadobenjamin,248000,[248K],465,dotadobenjamin,248455,14700.0,Brasil,Brasil,,Brasil,,Brasil,,,Brazil,,,2022-08-13,2022-08-06,2022-08-14,http://pbs.twimg.com/profile_images/1526384070695038976/D8WOQ3oe_400x400.jpg
17,@juniorruiz3610,234000,[234K],524,juniorruiz3610,233937,,"Rio de Janeiro, Brasilien",Rio de Janeiro,Brasilien,"Rio de Janeiro, Brasilien",,"Rio de Janeiro, Brasilien",,,Brazil,,,2022-08-13,2022-06-14,2022-08-14,
18,@superboy_av,229000,[229K],549,superboy_av,228896,64599.0,"S칚o Paulo, Brasil",S칚o Paulo,Brasil,"S칚o Paulo, Brasil",,"S칚o Paulo, Brasil",,,Brazil,,,2022-08-13,2022-08-02,2022-08-14,http://pbs.twimg.com/profile_images/1519827357896429572/ihYBSLJs_400x400.jpg
19,@mrbennyx,226000,[226K],567,mrbennyx,226328,,"Rio de Janeiro, Brasil",Rio de Janeiro,Brasil,"Rio de Janeiro, Brasil",,"Rio de Janeiro, Brasil",,,Brazil,,,2022-08-14,2022-08-14,2022-08-14,http://pbs.twimg.com/profile_images/1526381625751265284/BJrxIF3c_400x400.jpg
20,@surfista_mlk,226000,[226K],574,surfista_mlk,225832,22600.0,"Rio de Janeiro, Brasil",Rio de Janeiro,Brasil,"Rio de Janeiro, Brasil",,"Rio de Janeiro, Brasil",,,Brazil,,,2022-08-14,2022-08-10,2022-08-14,http://pbs.twimg.com/profile_images/1180514623059046402/Sv_QjSV7_400x400.jpg
21,@jordxn_93,215000,[215K],629,jordxn_93,214984,7600.0,"S칚o Paulo, Brasil",S칚o Paulo,Brasil,"S칚o Paulo, Brasil",,"S칚o Paulo, Brasil",,,Brazil,,,2022-08-14,2022-08-14,2022-08-14,
22,@eulucasborges,211000,[211K],648,eulucasborges,211249,9200.0,MADE IN BRAZIL,MADE IN BRAZIL,,MADE IN BRAZIL,,MADE IN BRAZIL,,,,,,2022-08-13,2022-08-03,2022-08-14,
23,@rickvilela0,209000,[209K],661,rickvilela0,209362,749.0,"S칚o Paulo, Brazil",S칚o Paulo,Brazil,"S칚o Paulo, Brazil",,"S칚o Paulo, Brazil",,,Brazil,,,2022-08-14,2022-08-13,2022-08-14,http://pbs.twimg.com/profile_images/1481042963715215360/HcoGobZK_400x400.jpg
24,@eunathanpaiva,205000,[205K],677,eunathanpaiva,204737,,Brazil,Brazil,,Brazil,,Brazil,,,Brazil,,,2022-08-13,2022-08-09,2022-08-14,
25,@jhean_boorgees,201000,[201K],696,jhean_boorgees,200967,,"Manaus, Brasil",Manaus,Brasil,"Manaus, Brasil",,"Manaus, Brasil",,,Brazil,,,2022-08-13,2022-07-23,2022-08-14,
26,@realtaloxl,197000,[197K],718,realtaloxl,196625,16100.0,"Rio de Janeiro, Brasilien",Rio de Janeiro,Brasilien,"Rio de Janeiro, Brasilien",,"Rio de Janeiro, Brasilien",,,Brazil,,,2022-08-14,2022-07-24,2022-08-14,http://pbs.twimg.com/profile_images/1500823878003740677/UBeOvqH5_400x400.jpg
27,@thebeardx,189000,[189K],780,thebeardx,188570,55800.0,Brasil,Brasil,,Brasil,,Brasil,,,Brazil,,,2022-08-14,2022-08-07,2022-08-14,http://pbs.twimg.com/profile_images/1297169145755295749/BPwq8jpm_400x400.jpg
28,@marcelocaiazzo,188000,[188K],782,marcelocaiazzo,188409,4500.0,"Rio de Janeiro, Brasil",Rio de Janeiro,Brasil,"Rio de Janeiro, Brasil",,"Rio de Janeiro, Brasil",,,Brazil,,,2022-08-13,2022-08-10,2022-08-14,http://pbs.twimg.com/profile_images/1437982661902012423/IKmZQdhQ_400x400.jpg
29,@boyvolumao,187000,[187K],788,boyvolumao,187450,,"Porto Alegre, Brasil",Porto Alegre,Brasil,"Porto Alegre, Brasil",,"Porto Alegre, Brasil",,,Brazil,,,2022-08-14,2022-08-14,2022-08-14,http://pbs.twimg.com/profile_images/1393622432951439362/_0qBIsa6_400x400.jpg
30,@picudodf,186000,[186K],795,picudodf,185515,,"Valpara칤so de Goi치s, Brasil",Valpara칤so de Goi치s,Brasil,"Valpara칤so de Goi치s, Brasil",,"Valpara칤so de Goi치s, Brasil",,,Brazil,,,2022-08-13,2022-07-27,2022-08-14,
31,@rnt23cm,177000,[177K],855,rnt23cm,177257,,"S칚o Paulo, Brasil",S칚o Paulo,Brasil,"S칚o Paulo, Brasil",,"S칚o Paulo, Brasil",,,Brazil,,,2022-08-14,2022-07-19,2022-08-14,
32,@paixxxao_,167000,[167K],938,paixxxao_,166863,30400.0,"Sao Paulo, Brasil",Sao Paulo,Brasil,"Sao Paulo, Brasil",,"Sao Paulo, Brasil",,,Brazil,,,2022-08-13,2022-08-04,2022-08-14,http://pbs.twimg.com/profile_images/1400288821481254912/5FhsoCUI_400x400.jpg
33,@doryannsw,164000,[164K],958,doryannsw,164045,2800.0,"Natal, Brasil",Natal,Brasil,"Natal, Brasil",,"Natal, Brasil",,,Brazil,,,2022-08-13,2022-08-09,2022-08-14,http://pbs.twimg.com/profile_images/1400614887752142849/BH90XlYm_400x400.jpg
34,@wobrunoo,158000,[158K],1010,wobrunoo,158408,,"S칚o Paulo, Brasilien",S칚o Paulo,Brasilien,"S칚o Paulo, Brasilien",,"S칚o Paulo, Brasilien",,,Brazil,,,2022-08-13,2022-08-13,2022-08-14,
35,@mahbaiano23xxx,153000,[153K],1058,mahbaiano23xxx,152974,2.0,"Raposo Tavares, S칚o Paulo",Raposo Tavares,S칚o Paulo,"Raposo Tavares, S칚o Paulo",,"Raposo Tavares, S칚o Paulo",,,Brazil,,S칚o Paulo,2022-08-13,2022-07-15,2022-08-14,http://pbs.twimg.com/profile_images/1527420372160856067/5ecjl0hi_400x400.jpg
36,@dotadaoerick,152000,[152K],1060,dotadaoerick,152452,1200.0,"Rio de Janeiro, Brasil",Rio de Janeiro,Brasil,"Rio de Janeiro, Brasil",,"Rio de Janeiro, Brasil",,,Brazil,,,2022-08-13,2022-07-25,2022-08-14,http://pbs.twimg.com/profile_images/1154843070741061632/RRBH-I6s_400x400.jpg
37,@pornomasters,152000,[152K],1066,pornomasters,151756,8200.0,"Goi칙nia, Brasil",Goi칙nia,Brasil,"Goi칙nia, Brasil",,"Goi칙nia, Brasil",,,Brazil,,,2022-08-14,2022-08-14,2022-08-14,http://pbs.twimg.com/profile_images/1376352987694661633/Hl0_0JSi_400x400.jpg
38,@oflamenguistta,151000,[151K],1074,oflamenguistta,150988,,Brasil,Brasil,,Brasil,,Brasil,,,Brazil,,,2022-08-14,2022-08-11,2022-08-14,http://pbs.twimg.com/profile_images/1527118342963744768/ta7uPktF_400x400.jpg
39,@oaksampa,147000,[147K],1109,oaksampa,147460,7700.0,"S칚o Paulo, Brasil",S칚o Paulo,Brasil,"S칚o Paulo, Brasil",,"S칚o Paulo, Brasil",,,Brazil,,,2022-08-14,2022-08-13,2022-08-14,http://pbs.twimg.com/profile_images/1512965736070885379/4xRrO-V-_400x400.jpg
40,@cariocaxxl,146000,[146K],1123,cariocaxxl,145840,,"Sao Paulo, Brazil",Sao Paulo,Brazil,"Sao Paulo, Brazil",,"Sao Paulo, Brazil",,,Brazil,,,2022-08-13,2022-08-02,2022-08-14,http://pbs.twimg.com/profile_images/1530572127048450050/8PesIlez_400x400.jpg
41,@tiagomarza,145000,[145K],1131,tiagomarza,145053,,"S칚o Paulo, Brasil",S칚o Paulo,Brasil,"S칚o Paulo, Brasil",,"S칚o Paulo, Brasil",,,Brazil,,,2022-08-13,2022-08-03,2022-08-14,http://pbs.twimg.com/profile_images/1491793187274313728/dE2_6xpQ_400x400.jpg
42,@lucioserratofc,144000,[144K],1136,lucioserratofc,144054,,"Minas Gerais, Brasil",Minas Gerais,Brasil,"Minas Gerais, Brasil",,"Minas Gerais, Brasil",,,Brazil,,,2022-08-14,2022-07-19,2022-08-14,http://pbs.twimg.com/profile_images/1521093144162545664/5zufYgZe_400x400.jpg
43,@vitor_allvs,140000,[140K],1178,vitor_allvs,140081,,"Rio de Janeiro, Brasil    ",Rio de Janeiro,Brasil,"Rio de Janeiro, Brasil",,"Rio de Janeiro, Brasil",,,Brazil,,,2022-08-14,2022-08-13,2022-08-14,http://pbs.twimg.com/profile_images/1508899778519834628/LSMZW6YN_400x400.jpg
44,@pessegomolhado,139000,[139K],1188,pessegomolhado,139109,,"Rio de Janeiro, Brasil",Rio de Janeiro,Brasil,"Rio de Janeiro, Brasil",,"Rio de Janeiro, Brasil",,,Brazil,,,2022-08-13,2022-03-05,2022-08-14,http://pbs.twimg.com/profile_images/1455749386764488710/ISBCbjQk_400x400.jpg
45,@gaelaugusto,138000,[138K],1204,gaelaugusto,137690,,"Rio de Janeiro, Brazil",Rio de Janeiro,Brazil,"Rio de Janeiro, Brazil",,"Rio de Janeiro, Brazil",,,Brazil,,,2022-08-13,2022-08-06,2022-08-14,http://pbs.twimg.com/profile_images/1477843887519674377/KDqg0tEu_400x400.jpg
46,@casalversatil27,134000,[134K],1269,casalversatil27,133684,,"Rio de Janeiro, Brasil",Rio de Janeiro,Brasil,"Rio de Janeiro, Brasil",,"Rio de Janeiro, Brasil",,,Brazil,,,2022-08-14,2022-08-03,2022-08-14,http://pbs.twimg.com/profile_images/1511977765293240329/GSJTqdok_400x400.jpg
47,@samuelhodecker,133000,[133K],1276,samuelhodecker,133109,,"Brusque, Brasil",Brusque,Brasil,"Brusque, Brasil",,"Brusque, Brasil",,,Brazil,,,2022-08-14,2022-08-02,2022-08-14,
48,@micwonderr,132000,[132K],1287,micwonderr,132310,7200.0,Brasil游游,Brasil游游,,Brasil游游,,Brasil游游,,,Brazil,,,2022-08-14,2022-07-31,2022-08-14,http://pbs.twimg.com/profile_images/1501698236460978180/ATWVACEA_400x400.jpg
49,@fabuustt,132000,[132K],1288,fabuustt,132252,,"S칚o Paulo, Brasil",S칚o Paulo,Brasil,"S칚o Paulo, Brasil",,"S칚o Paulo, Brasil",,,Brazil,,,2022-08-13,2022-07-05,2022-08-14,http://pbs.twimg.com/profile_images/1518642571765067776/xHnqSO9R_400x400.jpg
50,@brunohot25,131000,[131K],1298,brunohot25,131167,720.0,"S칚o Paulo, Brasil",S칚o Paulo,Brasil,"S칚o Paulo, Brasil",,"S칚o Paulo, Brasil",,,Brazil,,,2022-08-13,2022-08-04,2022-08-14,
51,@wagnerediego,127000,[127K],1344,wagnerediego,126920,1600.0,Brasilien,Brasilien,,Brasilien,,Brasilien,,,Brazil,,,2022-08-14,2022-08-12,2022-08-14,http://pbs.twimg.com/profile_images/1497989724744699906/lbsOOBAb_400x400.jpg
52,@eduardolimahot,124000,[124K],1392,eduardolimahot,123654,483.0,"Rio de Janeiro, Brasil",Rio de Janeiro,Brasil,"Rio de Janeiro, Brasil",,"Rio de Janeiro, Brasil",,,Brazil,,,2022-08-14,2022-08-14,2022-08-14,http://pbs.twimg.com/profile_images/1489621751776653314/myNtFddQ_400x400.jpg
53,@atorjohnny,124000,[124K],1394,atorjohnny,123538,1900.0,"S칚o Paulo, Brasil",S칚o Paulo,Brasil,"S칚o Paulo, Brasil",,"S칚o Paulo, Brasil",,,Brazil,,,2022-08-13,2022-08-04,2022-08-14,http://pbs.twimg.com/profile_images/1506080024025341956/-RLv0bZq_400x400.jpg
54,@mrhimerus,123000,[123K],1401,mrhimerus,123079,,Brazil,Brazil,,Brazil,,Brazil,,,Brazil,,,2022-08-13,2022-08-13,2022-08-14,
55,@brunopaaaz,123000,[123K],1403,brunopaaaz,122975,1700.0,"S칚o Paulo, Brasil",S칚o Paulo,Brasil,"S칚o Paulo, Brasil",,"S칚o Paulo, Brasil",,,Brazil,,,2022-08-13,2022-04-19,2022-08-14,http://pbs.twimg.com/profile_images/1458915479846805510/KB0wctWu_400x400.jpg
56,@walaxrafael,122000,[122K],1414,walaxrafael,122491,,"Porto Velho, Brasil",Porto Velho,Brasil,"Porto Velho, Brasil",,"Porto Velho, Brasil",,,Brazil,,,2022-08-13,2022-04-30,2022-08-14,
57,@marcelopauzaoo,122000,[122K],1415,marcelopauzaoo,122450,131.0,"Vit칩ria, Brasil",Vit칩ria,Brasil,"Vit칩ria, Brasil",,"Vit칩ria, Brasil",,,Brazil,,,2022-08-13,2022-07-30,2022-08-14,http://pbs.twimg.com/profile_images/1524225540097560577/lrSTebIg_400x400.jpg
58,@branlucs,122000,[122K],1420,branlucs,121947,1000.0,"S칚o Paulo, Brasilien",S칚o Paulo,Brasilien,"S칚o Paulo, Brasilien",,"S칚o Paulo, Brasilien",,,Brazil,,,2022-08-13,2022-08-12,2022-08-14,http://pbs.twimg.com/profile_images/1525667603737366528/sG1A8Uwn_400x400.jpg
59,@xxxflavioo,121000,[121K],1432,xxxflavioo,121285,,"S칚o Paulo, Brasilien",S칚o Paulo,Brasilien,"S칚o Paulo, Brasilien",,"S칚o Paulo, Brasilien",,,Brazil,,,2022-08-14,2022-08-13,2022-08-14,http://pbs.twimg.com/profile_images/1516543612191973382/Ob1v7RMy_400x400.jpg
60,@olivergaspar10,121000,[121K],1437,olivergaspar10,120964,4700.0,Sao Paulo- brazil,Sao Paulo- brazil,,Sao Paulo,brazil,Sao Paulo- brazil,,,,,,2022-08-14,2022-08-12,2022-08-14,http://pbs.twimg.com/profile_images/1341857774385438722/WitGgq0c_400x400.jpg
61,@ominotauro1,121000,[121K],1438,ominotauro1,120846,158300.0,"Jardim Paulista, S칚o Paulo",Jardim Paulista,S칚o Paulo,"Jardim Paulista, S칚o Paulo",,"Jardim Paulista, S칚o Paulo",,,Brazil,,S칚o Paulo,2022-08-13,2022-08-11,2022-08-14,http://pbs.twimg.com/profile_images/1523641757501644800/hPz5aFnP_400x400.jpg
62,@danmartsoficial,120000,[120K],1450,danmartsoficial,120187,,"Rio de Janeiro, Brasil",Rio de Janeiro,Brasil,"Rio de Janeiro, Brasil",,"Rio de Janeiro, Brasil",,,Brazil,,,2022-08-13,2022-07-16,2022-08-14,
63,@oriongja,112000,[112K],1582,oriongja,111602,623.0,"Guaruj치, Brasil",Guaruj치,Brasil,"Guaruj치, Brasil",,"Guaruj치, Brasil",,,Brazil,,,2022-08-13,2022-08-09,2022-08-14,http://pbs.twimg.com/profile_images/1259218714706284544/va6-XIiE_400x400.jpg
64,@xxxkhaivictor,107000,[107K],1662,xxxkhaivictor,107144,941.0,"Recife, Brasil",Recife,Brasil,"Recife, Brasil",,"Recife, Brasil",,,Brazil,,,2022-08-14,2022-08-08,2022-08-14,http://pbs.twimg.com/profile_images/1521352131931955200/dATbqnc4_400x400.jpg
65,@phelipe_xmx,106000,[106K],1683,phelipe_xmx,106311,,"S칚o Paulo, Brasil",S칚o Paulo,Brasil,"S칚o Paulo, Brasil",,"S칚o Paulo, Brasil",,,Brazil,,,2022-08-13,2022-07-26,2022-08-14,http://pbs.twimg.com/profile_images/1530563626939056128/VBs8sFl8_400x400.jpg
66,@victorgoesx69,101000,[101K],1776,victorgoesx69,101419,,"Recife, Brasil",Recife,Brasil,"Recife, Brasil",,"Recife, Brasil",,,Brazil,,,2022-08-14,2022-08-14,2022-08-14,http://pbs.twimg.com/profile_images/1518633662870433792/TXi7dIYT_400x400.jpg
67,@naldinhoseth,101000,[101K],1797,naldinhoseth,100549,,BEL칄M OF PAR츼/BRAZIL,BEL칄M OF PAR츼/BRAZIL,,BEL칄M OF PAR츼/BRAZIL,,BEL칄M OF PAR츼,BRAZIL,,,,,2022-08-13,2022-08-08,2022-08-14,http://pbs.twimg.com/profile_images/1530223975766364165/3rnv3fTi_400x400.jpg
68,@bruxaodasruas,97000,[97K],1856,bruxaodasruas,97383,104.0,"S칚o Paulo, Brasilien",S칚o Paulo,Brasilien,"S칚o Paulo, Brasilien",,"S칚o Paulo, Brasilien",,,Brazil,,,2022-08-13,2022-08-10,2022-08-14,http://pbs.twimg.com/profile_images/1503177940720562180/RZFgGVh2_400x400.jpg
69,@themenzorra,97000,[97K],1864,themenzorra,97171,,"Rio de Janeiro, Brasil",Rio de Janeiro,Brasil,"Rio de Janeiro, Brasil",,"Rio de Janeiro, Brasil",,,Brazil,,,2022-08-13,2022-07-26,2022-08-14,http://pbs.twimg.com/profile_images/1487058746161434628/CC0HbRSU_400x400.jpg
70,@lipelevado,93000,[93K],1923,lipelevado,93282,610.0,"Rio de Janeiro, Brasil",Rio de Janeiro,Brasil,"Rio de Janeiro, Brasil",,"Rio de Janeiro, Brasil",,,Brazil,,,2022-08-14,2022-08-14,2022-08-14,http://pbs.twimg.com/profile_images/1531653735042142208/MeMw02pM_400x400.jpg
71,@tailsonx,93000,[93K],1928,tailsonx,93057,,"Natal, Brasil",Natal,Brasil,"Natal, Brasil",,"Natal, Brasil",,,Brazil,,,2022-08-13,2022-06-29,2022-08-14,
72,@brownbuttboy,92000,[92K],1944,brownbuttboy,92438,,Brazil,Brazil,,Brazil,,Brazil,,,Brazil,,,2022-08-13,2022-08-10,2022-08-14,http://pbs.twimg.com/profile_images/1346662433260249089/iaAREyKc_400x400.jpg
73,@bbpaizao,89000,[89K],2010,bbpaizao,89236,,"Curitiba, Brasil",Curitiba,Brasil,"Curitiba, Brasil",,"Curitiba, Brasil",,,Brazil,,,2022-08-13,2022-08-13,2022-08-14,http://pbs.twimg.com/profile_images/1397492990126526468/HnM72_c0_400x400.jpg
74,@dannielzagga,87000,[87K],2049,dannielzagga,87125,,"Belo Horizonte, Brasil",Belo Horizonte,Brasil,"Belo Horizonte, Brasil",,"Belo Horizonte, Brasil",,,Brazil,,,2022-08-13,2022-07-21,2022-08-14,http://pbs.twimg.com/profile_images/1462534895587282948/RZwGA_2p_400x400.jpg
75,@renan_franco_,85000,[85K],2092,renan_franco_,85327,5500.0,"Santos, Brasil",Santos,Brasil,"Santos, Brasil",,"Santos, Brasil",,,Brazil,,,2022-08-14,2022-08-05,2022-08-14,
76,@69ryanr,85000,[85K],2094,69ryanr,85233,,"S칚o Paulo, Brazil",S칚o Paulo,Brazil,"S칚o Paulo, Brazil",,"S칚o Paulo, Brazil",,,Brazil,,,2022-08-13,2022-08-06,2022-08-14,
77,@1anonimo99,84000,[84K],2130,1anonimo99,83528,,"S칚o Paulo, Brasil",S칚o Paulo,Brasil,"S칚o Paulo, Brasil",,"S칚o Paulo, Brasil",,,Brazil,,,2022-08-13,2022-08-06,2022-08-14,http://pbs.twimg.com/profile_images/1440437528977297408/sVkol3Gn_400x400.jpg
78,@mikebebecito,82000,[82K],2150,mikebebecito,82432,,"S칚o Paulo, Brasil",S칚o Paulo,Brasil,"S칚o Paulo, Brasil",,"S칚o Paulo, Brasil",,,Brazil,,,2022-08-13,2022-08-03,2022-08-14,
79,@drik24cm,82000,[82K],2151,drik24cm,82405,,"Rio de Janeiro, Brasilien",Rio de Janeiro,Brasilien,"Rio de Janeiro, Brasilien",,"Rio de Janeiro, Brasilien",,,Brazil,,,2022-08-13,2022-08-13,2022-08-14,http://pbs.twimg.com/profile_images/1482065033496608774/GJ9ValCI_400x400.jpg
80,@maxmizarx,82000,[82K],2158,maxmizarx,82068,2000.0,"Rio de Janeiro, Brasil",Rio de Janeiro,Brasil,"Rio de Janeiro, Brasil",,"Rio de Janeiro, Brasil",,,Brazil,,,2022-08-14,2022-08-14,2022-08-14,
81,@flakaelx,82000,[82K],2161,flakaelx,82010,,"Cuiab치, Brasil",Cuiab치,Brasil,"Cuiab치, Brasil",,"Cuiab치, Brasil",,,Brazil,,,2022-08-13,2022-08-11,2022-08-14,http://pbs.twimg.com/profile_images/1510997852633321479/rmJ6Orek_400x400.jpg
82,@puto_mlk,80000,[80K],2220,puto_mlk,80094,,"S칚o Paulo, Brasil",S칚o Paulo,Brasil,"S칚o Paulo, Brasil",,"S칚o Paulo, Brasil",,,Brazil,,,2022-08-13,2022-08-06,2022-08-14,http://pbs.twimg.com/profile_images/1431575231253164039/6Zj-_9gC_400x400.jpg
83,@ramonhotxxx,78000,[78K],2256,ramonhotxxx,78444,,"Belo Horizonte, Brasil",Belo Horizonte,Brasil,"Belo Horizonte, Brasil",,"Belo Horizonte, Brasil",,,Brazil,,,2022-08-13,2022-07-29,2022-08-14,http://pbs.twimg.com/profile_images/1515826180519346178/paeRk7MB_400x400.jpg
84,@dixtissi,78000,[78K],2276,dixtissi,77814,,"S칚o Paulo, Brasil",S칚o Paulo,Brasil,"S칚o Paulo, Brasil",,"S칚o Paulo, Brasil",,,Brazil,,,2022-08-14,2022-08-03,2022-08-14,http://pbs.twimg.com/profile_images/1518358235891343362/sBqcacB7_400x400.jpg
85,@marciotalon,77000,[77K],2304,marciotalon,76999,,Brasil,Brasil,,Brasil,,Brasil,,,Brazil,,,2022-08-14,2022-08-12,2022-08-14,http://pbs.twimg.com/profile_images/1492913191252332550/-kMQYrFl_400x400.jpg
86,@andersoncsar15,75000,[75K],2344,andersoncsar15,75395,,"Recife, Brasil",Recife,Brasil,"Recife, Brasil",,"Recife, Brasil",,,Brazil,,,2022-08-13,2022-08-10,2022-08-14,http://pbs.twimg.com/profile_images/1477969508728020993/mpSMsPN8_400x400.jpg
87,@hairyguysp,74000,[74K],2383,hairyguysp,73882,,"S칚o Paulo, Brasil",S칚o Paulo,Brasil,"S칚o Paulo, Brasil",,"S칚o Paulo, Brasil",,,Brazil,,,2022-08-14,2022-07-26,2022-08-14,http://pbs.twimg.com/profile_images/1251161996474454019/Bdl8rcHh_400x400.jpg
88,@victorqueirozx,74000,[74K],2394,victorqueirozx,73570,,"Rio de Janeiro, Brasil",Rio de Janeiro,Brasil,"Rio de Janeiro, Brasil",,"Rio de Janeiro, Brasil",,,Brazil,,,2022-08-13,2022-08-04,2022-08-14,http://pbs.twimg.com/profile_images/1363076091854942208/ZV_62bTs_400x400.jpg
89,@willric18,72000,[72K],2443,willric18,72058,27800.0,"S칚o Paulo , Brasil",S칚o Paulo,Brasil,"S칚o Paulo , Brasil",,"S칚o Paulo , Brasil",,,Brazil,,,2022-08-13,2022-07-30,2022-08-14,http://pbs.twimg.com/profile_images/1372672903255326749/b-WgU17-_400x400.jpg
90,@galaquitos,72000,[72K],2453,galaquitos,71730,,"Minas Gerais, Brasil",Minas Gerais,Brasil,"Minas Gerais, Brasil",,"Minas Gerais, Brasil",,,Brazil,,,2022-08-13,2022-07-07,2022-08-14,http://pbs.twimg.com/profile_images/1485302847851970564/EMC3-DoT_400x400.jpg
91,@magreloxxl,71000,[71K],2467,magreloxxl,71340,1400.0,"S칚o Paulo, Brasil",S칚o Paulo,Brasil,"S칚o Paulo, Brasil",,"S칚o Paulo, Brasil",,,Brazil,,,2022-08-13,2022-08-12,2022-08-14,http://pbs.twimg.com/profile_images/1492168095460429827/JuNr0c6r_400x400.jpg
92,@delmour0,67000,[67K],2582,delmour0,67417,,"Vila Mariana, S칚o Paulo",Vila Mariana,S칚o Paulo,"Vila Mariana, S칚o Paulo",,"Vila Mariana, S칚o Paulo",,,Brazil,,S칚o Paulo,2022-08-13,2022-08-13,2022-08-14,http://pbs.twimg.com/profile_images/1442132642846154753/IORZVV-i_400x400.jpg
93,@kinky_chaser,67000,[67K],2596,kinky_chaser,67082,,"S칚o Paulo, Brasil",S칚o Paulo,Brasil,"S칚o Paulo, Brasil",,"S칚o Paulo, Brasil",,,Brazil,,,2022-08-13,2022-08-05,2022-08-14,http://pbs.twimg.com/profile_images/1518967354348249090/YGPWXAcK_400x400.jpg
94,@thiexxl,66000,[66K],2636,thiexxl,65890,198.0,"S칚o Paulo, Brasil",S칚o Paulo,Brasil,"S칚o Paulo, Brasil",,"S칚o Paulo, Brasil",,,Brazil,,,2022-08-13,2022-08-12,2022-08-14,http://pbs.twimg.com/profile_images/1354622312247652355/krEkn2ca_400x400.jpg
95,@manoeldotadao,66000,[66K],2650,manoeldotadao,65528,,"Jo칚o Pessoa, Brasil",Jo칚o Pessoa,Brasil,"Jo칚o Pessoa, Brasil",,"Jo칚o Pessoa, Brasil",,,Brazil,,,2022-08-13,2022-08-13,2022-08-14,http://pbs.twimg.com/profile_images/1437626528511234048/NBwbgEjb_400x400.jpg
96,@23cmxxl,65000,[65K],2672,23cmxxl,64810,,"Rio de Janeiro, Brasil",Rio de Janeiro,Brasil,"Rio de Janeiro, Brasil",,"Rio de Janeiro, Brasil",,,Brazil,,,2022-08-13,2022-05-27,2022-08-14,
97,@willdemetrio_,63000,[63K],2751,willdemetrio_,62920,2000.0,"Santa Catarina, Brasil",Santa Catarina,Brasil,"Santa Catarina, Brasil",,"Santa Catarina, Brasil",,,Brazil,,,2022-08-14,2022-08-14,2022-08-14,http://pbs.twimg.com/profile_images/1519161076075663366/u2xwq_4E_400x400.jpg
98,@marcelinhoator,63000,[63K],2756,marcelinhoator,62724,,"Maranh칚o, Brasilien",Maranh칚o,Brasilien,"Maranh칚o, Brasilien",,"Maranh칚o, Brasilien",,,Brazil,,,2022-08-14,2022-07-27,2022-08-14,http://pbs.twimg.com/profile_images/1306097101559025664/zzyc_ihe_400x400.jpg
99,@thcthales,61000,[61K],2800,thcthales,61433,5200.0,"S칚o Paulo, Brasilien",S칚o Paulo,Brasilien,"S칚o Paulo, Brasilien",,"S칚o Paulo, Brasilien",,,Brazil,,,2022-08-13,2022-08-03,2022-08-14,http://pbs.twimg.com/profile_images/1504529776085803016/GYZsrQJ6_400x400.jpg
100,@jaguar25cm,61000,[61K],2805,jaguar25cm,61298,,Brasil,Brasil,,Brasil,,Brasil,,,Brazil,,,2022-08-14,2022-07-17,2022-08-14,http://pbs.twimg.com/profile_images/1382430314023292928/W6Kw_w2Y_400x400.jpg
101,@mxtbear,61000,[61K],2828,mxtbear,60775,,Brazil,Brazil,,Brazil,,Brazil,,,Brazil,,,2022-08-14,2022-08-03,2022-08-14,http://pbs.twimg.com/profile_images/1528235331325251586/_iPH6OzG_400x400.jpg
102,@fernandeskaell,60000,[60K],2869,fernandeskaell,59660,1900.0,"S칚o Paulo, Brasil",S칚o Paulo,Brasil,"S칚o Paulo, Brasil",,"S칚o Paulo, Brasil",,,Brazil,,,2022-08-13,2022-04-20,2022-08-14,http://pbs.twimg.com/profile_images/1479617629920935937/_nA2AiMS_400x400.jpg
103,@daviloborj,59000,[59K],2906,daviloborj,58616,974.0,"Rio de Janeiro, Brasil",Rio de Janeiro,Brasil,"Rio de Janeiro, Brasil",,"Rio de Janeiro, Brasil",,,Brazil,,,2022-08-14,2022-08-14,2022-08-14,http://pbs.twimg.com/profile_images/1451264079298015237/yzJXy3bW_400x400.jpg
104,@carmodx,58000,[58K],2922,carmodx,58168,658.0,"Curitiba, Brasil",Curitiba,Brasil,"Curitiba, Brasil",,"Curitiba, Brasil",,,Brazil,,,2022-08-14,2022-08-14,2022-08-14,http://pbs.twimg.com/profile_images/1523808894392455168/WM-i4EgB_400x400.jpg
105,@ravylion_,58000,[58K],2923,ravylion_,58149,10600.0,Brasilien,Brasilien,,Brasilien,,Brasilien,,,Brazil,,,2022-08-13,2022-08-04,2022-08-14,http://pbs.twimg.com/profile_images/1521631118738571266/2Tafpm-x_400x400.jpg
106,@leandrospears,58000,[58K],2926,leandrospears,58085,,"S칚o Paulo, Brasil",S칚o Paulo,Brasil,"S칚o Paulo, Brasil",,"S칚o Paulo, Brasil",,,Brazil,,,2022-08-13,2022-06-30,2022-08-14,http://pbs.twimg.com/profile_images/1519837628836761601/RL-nKrfi_400x400.jpg
107,@asuras69,58000,[58K],2946,asuras69,57742,18100.0,"S칚o Paulo, Brasil",S칚o Paulo,Brasil,"S칚o Paulo, Brasil",,"S칚o Paulo, Brasil",,,Brazil,,,2022-08-14,2022-07-23,2022-08-14,http://pbs.twimg.com/profile_images/1495410161237770243/YUVQilKP_400x400.jpg
108,@vixx_casalzao,58000,[58K],2950,vixx_casalzao,57655,,"Goi칙nia, Brasil",Goi칙nia,Brasil,"Goi칙nia, Brasil",,"Goi칙nia, Brasil",,,Brazil,,,2022-08-13,2022-08-03,2022-08-14,
109,@luanfosterx,56000,[56K],3002,luanfosterx,56428,,"S칚o Paulo, Brasil",S칚o Paulo,Brasil,"S칚o Paulo, Brasil",,"S칚o Paulo, Brasil",,,Brazil,,,2022-08-13,2022-08-11,2022-08-14,
110,@primocavalao,56000,[56K],3009,primocavalao,56352,1400.0,"Florian칩polis, Brasil",Florian칩polis,Brasil,"Florian칩polis, Brasil",,"Florian칩polis, Brasil",,,Brazil,,,2022-08-13,2022-07-30,2022-08-14,http://pbs.twimg.com/profile_images/1513927632466984968/-CJ_UZW0_400x400.jpg
111,@matheusallexs,56000,[56K],3014,matheusallexs,56227,,"Bel칠m, Brasil",Bel칠m,Brasil,"Bel칠m, Brasil",,"Bel칠m, Brasil",,,Brazil,,,2022-08-14,2022-04-24,2022-08-14,
112,@massagemsecreta,56000,[56K],3017,massagemsecreta,56153,963.0,BRAZIL,BRAZIL,,BRAZIL,,BRAZIL,,,,,,2022-08-13,2022-08-10,2022-08-14,http://pbs.twimg.com/profile_images/1521654245119909888/0pGggSgp_400x400.jpg
113,@onirapha_,56000,[56K],3018,onirapha_,56147,,"Londrina, Brasil",Londrina,Brasil,"Londrina, Brasil",,"Londrina, Brasil",,,Brazil,,,2022-08-13,2022-08-13,2022-08-14,
114,@renanmaranhaoxl,55000,[55K],3058,renanmaranhaoxl,55186,,"S칚o Lu칤s, Brasil",S칚o Lu칤s,Brasil,"S칚o Lu칤s, Brasil",,"S칚o Lu칤s, Brasil",,,Brazil,,,2022-08-14,2022-08-05,2022-08-14,http://pbs.twimg.com/profile_images/1457163464124796930/0d6qwcvn_400x400.jpg
115,@crixtivo,54000,[54K],3111,crixtivo,54209,,"Santos, Brasil",Santos,Brasil,"Santos, Brasil",,"Santos, Brasil",,,Brazil,,,2022-08-13,2022-08-08,2022-08-14,http://pbs.twimg.com/profile_images/1529542805110067201/YgmdamqE_400x400.jpg
116,@mateusmanvik,54000,[54K],3127,mateusmanvik,53970,,"Interior de S칚o Paulo, Brasil",Interior de S칚o Paulo,Brasil,"Interior de S칚o Paulo, Brasil",,"Interior de S칚o Paulo, Brasil",,,Brazil,,,2022-08-13,2022-08-07,2022-08-14,http://pbs.twimg.com/profile_images/1516177150432493580/Pp3XXKuY_400x400.jpg
117,@roneyoffc,54000,[54K],3136,roneyoffc,53830,,"Mato Grosso, Brasil",Mato Grosso,Brasil,"Mato Grosso, Brasil",,"Mato Grosso, Brasil",,,Brazil,,,2022-08-13,2022-08-12,2022-08-14,http://pbs.twimg.com/profile_images/1510954178553815054/QhvpC_UB_400x400.jpg
118,@mrblack_dot,54000,[54K],3143,mrblack_dot,53683,59700.0,"S칚o Paulo, Brasil",S칚o Paulo,Brasil,"S칚o Paulo, Brasil",,"S칚o Paulo, Brasil",,,Brazil,,,2022-08-13,2022-08-08,2022-08-14,
119,@dixtosexy,54000,[54K],3146,dixtosexy,53651,,Brasil,Brasil,,Brasil,,Brasil,,,Brazil,,,2022-08-13,2022-08-11,2022-08-14,
120,@putobaresp30,53000,[53K],3163,putobaresp30,53319,,"S칚o Bernardo do Campo, Brasil",S칚o Bernardo do Campo,Brasil,"S칚o Bernardo do Campo, Brasil",,"S칚o Bernardo do Campo, Brasil",,,Brazil,,,2022-08-13,2022-08-06,2022-08-14,
121,@luizmathiaas,52000,[52K],3217,luizmathiaas,52123,,"Salvador, Brasil",Salvador,Brasil,"Salvador, Brasil",,"Salvador, Brasil",,,Brazil,,,2022-08-13,2022-08-12,2022-08-14,http://pbs.twimg.com/profile_images/1485927100875952128/BocuDVDb_400x400.jpg
122,@salmaozin,51000,[51K],3262,salmaozin,50977,,"S칚o Paulo, Brasil",S칚o Paulo,Brasil,"S칚o Paulo, Brasil",,"S칚o Paulo, Brasil",,,Brazil,,,2022-08-13,2022-07-22,2022-08-14,
123,@itheguedes,50000,[50K],3320,itheguedes,49766,,"S칚o Paulo, Brasil",S칚o Paulo,Brasil,"S칚o Paulo, Brasil",,"S칚o Paulo, Brasil",,,Brazil,,,2022-08-14,2022-08-10,2022-08-14,http://pbs.twimg.com/profile_images/1375699862432460800/9kwHalge_400x400.jpg
124,@sampaiorx,50000,[50K],3321,sampaiorx,49721,,"Recife, Brasil",Recife,Brasil,"Recife, Brasil",,"Recife, Brasil",,,Brazil,,,2022-08-13,2022-07-26,2022-08-14,http://pbs.twimg.com/profile_images/1408101348181266439/eeAd5Krc_400x400.jpg
125,@paulopicasso231,49000,[49K],3352,paulopicasso231,49187,,"Curitiba, Brasil",Curitiba,Brasil,"Curitiba, Brasil",,"Curitiba, Brasil",,,Brazil,,,2022-08-13,2022-08-05,2022-08-14,http://pbs.twimg.com/profile_images/1404571445095714819/s92VsCcr_400x400.jpg
126,@brunobundudoxxx,48000,[48K],3403,brunobundudoxxx,48471,5.0,"Campinas, Brasil",Campinas,Brasil,"Campinas, Brasil",,"Campinas, Brasil",,,Brazil,,,2022-08-14,2022-08-12,2022-08-14,http://pbs.twimg.com/profile_images/1346066091085352961/LEdhVSTB_400x400.jpg
127,@andre_runke,48000,[48K],3408,andre_runke,48379,,"S칚o Paulo, Brasilien",S칚o Paulo,Brasilien,"S칚o Paulo, Brasilien",,"S칚o Paulo, Brasilien",,,Brazil,,,2022-08-13,2022-07-23,2022-08-14,http://pbs.twimg.com/profile_images/1512458610902806535/RXkronwa_400x400.jpg
128,@mreros88,48000,[48K],3412,mreros88,48263,,"Florian칩polis, Brasil",Florian칩polis,Brasil,"Florian칩polis, Brasil",,"Florian칩polis, Brasil",,,Brazil,,,2022-08-13,2022-08-04,2022-08-14,
129,@rafaelzorzella,48000,[48K],3414,rafaelzorzella,48249,,"Rio de Janeiro, Brasilien",Rio de Janeiro,Brasilien,"Rio de Janeiro, Brasilien",,"Rio de Janeiro, Brasilien",,,Brazil,,,2022-08-13,2022-08-13,2022-08-14,http://pbs.twimg.com/profile_images/1456325326674534405/G51ZsHoT_400x400.jpg
130,@dilemesbr,48000,[48K],3444,dilemesbr,47857,920.0,"Santos, Brasil",Santos,Brasil,"Santos, Brasil",,"Santos, Brasil",,,Brazil,,,2022-08-13,2022-08-12,2022-08-14,http://pbs.twimg.com/profile_images/1466172610845233156/qgxKH2qT_400x400.jpg
131,@yurigauchoxxx,48000,[48K],3463,yurigauchoxxx,47548,,S칚o Paulo,S칚o Paulo,,S칚o Paulo,,S칚o Paulo,,,Brazil,,S칚o Paulo,2022-08-13,2022-08-11,2022-08-14,http://pbs.twimg.com/profile_images/1325922107390308355/2TsgmtJm_400x400.jpg
132,@roludaoxxl,47000,[47K],3477,roludaoxxl,47256,11800.0,Brasilien,Brasilien,,Brasilien,,Brasilien,,,Brazil,,,2022-08-13,2022-08-13,2022-08-14,http://pbs.twimg.com/profile_images/1498471970622607362/QoyvYlRe_400x400.jpg
133,@wellbaianoo,47000,[47K],3491,wellbaianoo,46989,6.0,"Salvador, Brasil",Salvador,Brasil,"Salvador, Brasil",,"Salvador, Brasil",,,Brazil,,,2022-08-13,2022-08-13,2022-08-14,http://pbs.twimg.com/profile_images/1470121384483463171/NseL0UsZ_400x400.jpg
134,@caiquefitnnes,46000,[46K],3523,caiquefitnnes,46430,123.0,"Rio de Janeiro, Brasil",Rio de Janeiro,Brasil,"Rio de Janeiro, Brasil",,"Rio de Janeiro, Brasil",,,Brazil,,,2022-08-13,2022-08-11,2022-08-14,http://pbs.twimg.com/profile_images/1463277101981876227/1ww2tbdk_400x400.jpg
135,@leiteirogay,46000,[46K],3539,leiteirogay,46132,,"S칚o Paulo, Brasilien",S칚o Paulo,Brasilien,"S칚o Paulo, Brasilien",,"S칚o Paulo, Brasilien",,,Brazil,,,2022-08-13,2022-08-13,2022-08-14,http://pbs.twimg.com/profile_images/1463386642153099264/e9pRe3CA_400x400.jpg
136,@p1mp40,46000,[46K],3570,p1mp40,45620,,"Porto Alegre, Brasilien",Porto Alegre,Brasilien,"Porto Alegre, Brasilien",,"Porto Alegre, Brasilien",,,Brazil,,,2022-08-14,2022-07-18,2022-08-14,http://pbs.twimg.com/profile_images/1355887874915389444/z9pX_KnF_400x400.jpg
137,@dito__xxx,43000,[43K],3691,dito__xxx,43235,36.0,"S칚o Paulo, Brazil",S칚o Paulo,Brazil,"S칚o Paulo, Brazil",,"S칚o Paulo, Brazil",,,Brazil,,,2022-08-13,2022-07-31,2022-08-14,http://pbs.twimg.com/profile_images/1477671994527264768/MTGAsFA2_400x400.jpg
138,@sethfornea,43000,[43K],3692,sethfornea,43208,,"Belo Horizonte, Brazil",Belo Horizonte,Brazil,"Belo Horizonte, Brazil",,"Belo Horizonte, Brazil",,,Brazil,,,2022-08-13,2022-08-13,2022-08-14,http://pbs.twimg.com/profile_images/545361819716435969/3gPCusZl_normal.jpeg
139,@lapa_loiro,43000,[43K],3707,lapa_loiro,42984,,"Rio de Janeiro, Brazil",Rio de Janeiro,Brazil,"Rio de Janeiro, Brazil",,"Rio de Janeiro, Brazil",,,Brazil,,,2022-08-13,2022-08-01,2022-08-14,http://pbs.twimg.com/profile_images/1523026830801915905/90DnmImR_400x400.jpg
140,@thenewbru,42000,[42K],3767,thenewbru,42037,5200.0,"Rio de Janeiro, Brazil",Rio de Janeiro,Brazil,"Rio de Janeiro, Brazil",,"Rio de Janeiro, Brazil",,,Brazil,,,2022-08-14,2022-07-08,2022-08-14,
141,@renatinhoxxxx,42000,[42K],3781,renatinhoxxxx,41850,,"S칚o Paulo, Brasil",S칚o Paulo,Brasil,"S칚o Paulo, Brasil",,"S칚o Paulo, Brasil",,,Brazil,,,2022-08-13,2022-08-13,2022-08-14,http://pbs.twimg.com/profile_images/1468357209121869830/LUYAwTnV_400x400.jpg
142,@theosxxx,42000,[42K],3793,theosxxx,41697,,"S칚o Paulo, Brasil",S칚o Paulo,Brasil,"S칚o Paulo, Brasil",,"S칚o Paulo, Brasil",,,Brazil,,,2022-08-13,2022-08-03,2022-08-14,http://pbs.twimg.com/profile_images/1528327626221408256/29XJCH4F_400x400.jpg
143,@kayodotado,41000,[41K],3803,kayodotado,41497,,"Manaus, Brasil",Manaus,Brasil,"Manaus, Brasil",,"Manaus, Brasil",,,Brazil,,,2022-08-13,2022-08-05,2022-08-14,http://pbs.twimg.com/profile_images/1507809391877234692/-kqx1_IQ_400x400.jpg
144,@fattorioficial,41000,[41K],3812,fattorioficial,41349,,"S칚o Paulo, Brasil",S칚o Paulo,Brasil,"S칚o Paulo, Brasil",,"S칚o Paulo, Brasil",,,Brazil,,,2022-08-13,2022-08-03,2022-08-14,http://pbs.twimg.com/profile_images/1483387101139939330/HsbCPoPJ_400x400.jpg
145,@pedropampelo,41000,[41K],3842,pedropampelo,40953,,"Rio de Janeiro, Brasil",Rio de Janeiro,Brasil,"Rio de Janeiro, Brasil",,"Rio de Janeiro, Brasil",,,Brazil,,,2022-08-14,2022-07-25,2022-08-14,
146,@helieltonfoox,41000,[41K],3851,helieltonfoox,40816,1400.0,"Fortaleza, Brasil",Fortaleza,Brasil,"Fortaleza, Brasil",,"Fortaleza, Brasil",,,Brazil,,,2022-08-13,2022-08-05,2022-08-14,http://pbs.twimg.com/profile_images/1521846313423450113/FSOUwcD6_400x400.jpg
147,@capriquariano,41000,[41K],3857,capriquariano,40761,,"Rio de Janeiro, Brasil",Rio de Janeiro,Brasil,"Rio de Janeiro, Brasil",,"Rio de Janeiro, Brasil",,,Brazil,,,2022-08-14,2022-08-12,2022-08-14,http://pbs.twimg.com/profile_images/1368347380547006475/CQ2B265u_400x400.jpg
148,@putosammpa,40000,[40K],3882,putosammpa,40255,6.0,"S칚o Paulo, Brasil",S칚o Paulo,Brasil,"S칚o Paulo, Brasil",,"S칚o Paulo, Brasil",,,Brazil,,,2022-08-13,2022-08-10,2022-08-14,http://pbs.twimg.com/profile_images/1321315146501890051/irIBcGtk_400x400.jpg
149,@ovelhanegra30,40000,[40K],3883,ovelhanegra30,40238,9.0,"S칚o Paulo, Brasil",S칚o Paulo,Brasil,"S칚o Paulo, Brasil",,"S칚o Paulo, Brasil",,,Brazil,,,2022-08-13,2022-08-13,2022-08-14,http://pbs.twimg.com/profile_images/1467635732416188418/GgbEIc4o_400x400.jpg
150,@boydavid007,40000,[40K],3885,boydavid007,40215,1400.0,"Curitiba, Brasil",Curitiba,Brasil,"Curitiba, Brasil",,"Curitiba, Brasil",,,Brazil,,,2022-08-13,2022-05-30,2022-08-14,http://pbs.twimg.com/profile_images/1530333161892331520/iupJL--1_400x400.jpg
151,@erikssonjons,40000,[40K],3886,erikssonjons,40202,,Brasil,Brasil,,Brasil,,Brasil,,,Brazil,,,2022-08-13,2022-08-13,2022-08-14,http://pbs.twimg.com/profile_images/1519645733800091648/y4HqNrop_400x400.jpg
152,@juancalabares,40000,[40K],3915,juancalabares,39755,,Brasil,Brasil,,Brasil,,Brasil,,,Brazil,,,2022-08-13,2022-08-02,2022-08-14,http://pbs.twimg.com/profile_images/1532270130918526976/ePda2XnN_400x400.jpg
153,@boyreciife,39000,[39K],3944,boyreciife,39334,,"Recife, Brasil",Recife,Brasil,"Recife, Brasil",,"Recife, Brasil",,,Brazil,,,2022-08-13,2022-08-12,2022-08-14,http://pbs.twimg.com/profile_images/1460631104982077449/UqngbeRq_400x400.jpg
154,@barbudo_latino,39000,[39K],3960,barbudo_latino,39136,,Brasil,Brasil,,Brasil,,Brasil,,,Brazil,,,2022-08-13,2022-07-12,2022-08-14,http://pbs.twimg.com/profile_images/1480645365221273603/0WDoB_dp_400x400.jpg
155,@kaliuvstxxx,38000,[38K],4004,kaliuvstxxx,38492,,"S칚o Paulo, Brasil",S칚o Paulo,Brasil,"S칚o Paulo, Brasil",,"S칚o Paulo, Brasil",,,Brazil,,,2022-08-13,2022-08-09,2022-08-14,http://pbs.twimg.com/profile_images/1432549616482926594/zg0M5Vnl_400x400.jpg
156,@tiobreno5,38000,[38K],4005,tiobreno5,38486,,"S칚o Paulo, Brasilien",S칚o Paulo,Brasilien,"S칚o Paulo, Brasilien",,"S칚o Paulo, Brasilien",,,Brazil,,,2022-08-13,2022-07-30,2022-08-14,http://pbs.twimg.com/profile_images/1475550830132613128/50V51V6c_400x400.jpg
157,@cosmicobras,38000,[38K],4012,cosmicobras,38418,,S칚o Paulo ,S칚o Paulo,,S칚o Paulo,,S칚o Paulo,,,Brazil,,S칚o Paulo,2022-08-13,2022-08-03,2022-08-14,http://pbs.twimg.com/profile_images/1422170365447577603/FF2VHYh-_400x400.jpg
158,@rogeriorogers_,38000,[38K],4017,rogeriorogers_,38329,,"S칚o Paulo, Brasil",S칚o Paulo,Brasil,"S칚o Paulo, Brasil",,"S칚o Paulo, Brasil",,,Brazil,,,2022-08-13,2022-08-03,2022-08-14,http://pbs.twimg.com/profile_images/1494791895507210244/ZXKCzshT_400x400.jpg
159,@versatil_cariok,38000,[38K],4018,versatil_cariok,38315,,"Rio de Janeiro, Brazil",Rio de Janeiro,Brazil,"Rio de Janeiro, Brazil",,"Rio de Janeiro, Brazil",,,Brazil,,,2022-08-13,2022-08-11,2022-08-14,
160,@ivanluz131,38000,[38K],4033,ivanluz131,38018,,"Rio de Janeiro, Brasil",Rio de Janeiro,Brasil,"Rio de Janeiro, Brasil",,"Rio de Janeiro, Brasil",,,Brazil,,,2022-08-14,2022-08-08,2022-08-14,
161,@ounicofilipee,38000,[38K],4036,ounicofilipee,37949,,Brasil,Brasil,,Brasil,,Brasil,,,Brazil,,,2022-08-13,2022-08-11,2022-08-14,http://pbs.twimg.com/profile_images/1514661930992115715/ZQnGOyPv_400x400.jpg
162,@thebiglucas_,38000,[38K],4049,thebiglucas_,37816,298.0,"Rio de Janeiro, Brasil",Rio de Janeiro,Brasil,"Rio de Janeiro, Brasil",,"Rio de Janeiro, Brasil",,,Brazil,,,2022-08-14,2022-08-02,2022-08-14,http://pbs.twimg.com/profile_images/1533025789930876929/Ao6KqwMV_400x400.jpg
163,@zeltenaz,38000,[38K],4051,zeltenaz,37792,, Brasil,Brasil,,Brasil,,Brasil,,,Brazil,,,2022-08-14,2022-07-24,2022-08-14,http://pbs.twimg.com/profile_images/1524891544729407490/Pz8XjrLZ_400x400.jpg
164,@dhsearom,38000,[38K],4058,dhsearom,37607,458.0,"S칚o Paulo, Brasilien",S칚o Paulo,Brasilien,"S칚o Paulo, Brasilien",,"S칚o Paulo, Brasilien",,,Brazil,,,2022-08-14,2022-07-27,2022-08-14,http://pbs.twimg.com/profile_images/1535438149945634817/0SEA2QEp_400x400.jpg
165,@maikedot,37000,[37K],4078,maikedot,37427,,Brasil,Brasil,,Brasil,,Brasil,,,Brazil,,,2022-08-13,2022-08-04,2022-08-14,http://pbs.twimg.com/profile_images/1495476760644833284/LHcip_VV_400x400.jpg
166,@radubakker,37000,[37K],4083,radubakker,37321,,"S칚o Paulo, Brasil",S칚o Paulo,Brasil,"S칚o Paulo, Brasil",,"S칚o Paulo, Brasil",,,Brazil,,,2022-08-14,2022-08-03,2022-08-14,
167,@wemersondancy,37000,[37K],4118,wemersondancy,36937,,"Rio de Janeiro, Brasil",Rio de Janeiro,Brasil,"Rio de Janeiro, Brasil",,"Rio de Janeiro, Brasil",,,Brazil,,,2022-08-13,2022-08-06,2022-08-14,http://pbs.twimg.com/profile_images/1356959109707423744/0cUXjVCS_400x400.jpg
168,@mastangelox,37000,[37K],4123,mastangelox,36814,1400.0,"S칚o Paulo, Brasilien",S칚o Paulo,Brasilien,"S칚o Paulo, Brasilien",,"S칚o Paulo, Brasilien",,,Brazil,,,2022-08-13,2022-08-05,2022-08-14,http://pbs.twimg.com/profile_images/1440269822533586958/8htvGqUu_400x400.jpg
169,@pirocadoprazer,36000,[36K],4155,pirocadoprazer,36374,,"S칚o Paulo, Brasil  zona leste ",S칚o Paulo,Brasil  zona leste,"S칚o Paulo, Brasil  zona leste",,"S칚o Paulo, Brasil  zona leste",,,Brazil,,S칚o Paulo,2022-08-13,2022-08-03,2022-08-14,http://pbs.twimg.com/profile_images/1352746284499795969/z9qqcy5__400x400.jpg
170,@alex14507707,36000,[36K],4156,alex14507707,36359,,"Rio de Janeiro, Brazil",Rio de Janeiro,Brazil,"Rio de Janeiro, Brazil",,"Rio de Janeiro, Brazil",,,Brazil,,,2022-08-14,2022-08-14,2022-08-14,http://pbs.twimg.com/profile_images/1106311956888252416/6zJfMvfA_400x400.jpg
171,@piietromansur,36000,[36K],4169,piietromansur,36131,,"S칚o Paulo, Brasil",S칚o Paulo,Brasil,"S칚o Paulo, Brasil",,"S칚o Paulo, Brasil",,,Brazil,,,2022-08-13,2022-08-13,2022-08-14,http://pbs.twimg.com/profile_images/1500630829403455489/lFQpGZiE_400x400.jpg
172,@dan_ngel,36000,[36K],4172,dan_ngel,36124,,S칚o Paulo/ SP,S칚o Paulo/ SP,,S칚o Paulo/ SP,,S칚o Paulo,SP,,Brazil,,S칚o Paulo,2022-08-14,2022-08-13,2022-08-14,http://pbs.twimg.com/profile_images/1468351586573463554/xR-ZZV87_400x400.jpg
173,@atorlucasangell,36000,[36K],4206,atorlucasangell,35754,372.0,"S칚o Paulo, Brasil",S칚o Paulo,Brasil,"S칚o Paulo, Brasil",,"S칚o Paulo, Brasil",,,Brazil,,,2022-08-13,2022-08-11,2022-08-14,http://pbs.twimg.com/profile_images/1380679182498336769/n9p8LpUf_400x400.jpg
174,@binho_robs18,35000,[35K],4235,binho_robs18,35481,,"S칚o Paulo, Brasil",S칚o Paulo,Brasil,"S칚o Paulo, Brasil",,"S칚o Paulo, Brasil",,,Brazil,,,2022-08-14,2022-08-12,2022-08-14,
175,@beefybearbr,35000,[35K],4281,beefybearbr,34770,,"S칚o Paulo, Brasil",S칚o Paulo,Brasil,"S칚o Paulo, Brasil",,"S칚o Paulo, Brasil",,,Brazil,,,2022-08-13,2022-08-11,2022-08-14,
176,@tardivoxxx,34000,[34K],4341,tardivoxxx,33969,,"Sao Paulo, Brazil",Sao Paulo,Brazil,"Sao Paulo, Brazil",,"Sao Paulo, Brazil",,,Brazil,,,2022-08-13,2022-08-02,2022-08-14,http://pbs.twimg.com/profile_images/1481009084191191043/96D3kY0C_400x400.jpg
177,@wericpass,34000,[34K],4349,wericpass,33914,102.0,"Florian칩polis, Brasil",Florian칩polis,Brasil,"Florian칩polis, Brasil",,"Florian칩polis, Brasil",,,Brazil,,,2022-08-14,2022-08-01,2022-08-14,http://pbs.twimg.com/profile_images/1490169151868092419/nfMkgcO5_400x400.jpg
178,@pedrrovicc,34000,[34K],4363,pedrrovicc,33751,140.0,"Rio de Janeiro, Brasil",Rio de Janeiro,Brasil,"Rio de Janeiro, Brasil",,"Rio de Janeiro, Brasil",,,Brazil,,,2022-08-14,2022-08-11,2022-08-14,http://pbs.twimg.com/profile_images/1479672094497640448/VerUOqgm_400x400.jpg
179,@montex42,34000,[34K],4369,montex42,33694,,"Santa Catarina, Brasil",Santa Catarina,Brasil,"Santa Catarina, Brasil",,"Santa Catarina, Brasil",,,Brazil,,,2022-08-14,2022-07-05,2022-08-14,http://pbs.twimg.com/profile_images/1532524333259694093/mMvqTyN0_400x400.jpg
180,@brenodot_,34000,[34K],4376,brenodot_,33642,3.0,"S칚o Paulo, Brasil",S칚o Paulo,Brasil,"S칚o Paulo, Brasil",,"S칚o Paulo, Brasil",,,Brazil,,,2022-08-13,2022-08-11,2022-08-14,http://pbs.twimg.com/profile_images/1522726613967904769/vg4AbRTS_400x400.jpg
181,@_rian4lmeida,33000,[33K],4427,_rian4lmeida,33046,,"Minas Gerais, Brasil",Minas Gerais,Brasil,"Minas Gerais, Brasil",,"Minas Gerais, Brasil",,,Brazil,,,2022-08-13,2022-07-15,2022-08-14,
182,@brunobillyfit,33000,[33K],4460,brunobillyfit,32742,20700.0,"S칚o Paulo, Brasilien",S칚o Paulo,Brasilien,"S칚o Paulo, Brasilien",,"S칚o Paulo, Brasilien",,,Brazil,,,2022-08-13,2022-07-26,2022-08-14,http://pbs.twimg.com/profile_images/1426879800258482180/GdSM1iE5_400x400.jpg
183,@tattooboyfeet,33000,[33K],4482,tattooboyfeet,32507,6400.0,"Rio de Janeiro, Brasil",Rio de Janeiro,Brasil,"Rio de Janeiro, Brasil",,"Rio de Janeiro, Brasil",,,Brazil,,,2022-08-13,2022-08-08,2022-08-14,http://pbs.twimg.com/profile_images/1507879925780553729/EHQzxfuX_400x400.jpg
184,@raphamasters,32000,[32K],4535,raphamasters,31938,9200.0,"Goi칙nia, Brasil",Goi칙nia,Brasil,"Goi칙nia, Brasil",,"Goi칙nia, Brasil",,,Brazil,,,2022-08-14,2022-08-14,2022-08-14,http://pbs.twimg.com/profile_images/1524449517487206400/lVclzX-N_400x400.jpg
185,@toy_gui,32000,[32K],4562,toy_gui,31561,467.0,"Porto Alegre, Brasil",Porto Alegre,Brasil,"Porto Alegre, Brasil",,"Porto Alegre, Brasil",,,Brazil,,,2022-08-14,2022-08-05,2022-08-14,http://pbs.twimg.com/profile_images/1524537319772020736/SKJauJvj_400x400.jpg
186,@bobwillian_,31000,[31K],4581,bobwillian_,31347,,"S칚o Paulo, Brasil",S칚o Paulo,Brasil,"S칚o Paulo, Brasil",,"S칚o Paulo, Brasil",,,Brazil,,,2022-08-13,2022-08-02,2022-08-14,http://pbs.twimg.com/profile_images/1501749709806911494/MJQpfXOM_400x400.jpg
187,@furryhotrj,31000,[31K],4582,furryhotrj,31337,247.0,"Rio de Janeiro, Brasil",Rio de Janeiro,Brasil,"Rio de Janeiro, Brasil",,"Rio de Janeiro, Brasil",,,Brazil,,,2022-08-14,2022-08-12,2022-08-14,http://pbs.twimg.com/profile_images/1528548500274925569/XmESimCs_400x400.jpg
188,@naturistantric1,31000,[31K],4585,naturistantric1,31314,,"S칚o Paulo, Brasilien",S칚o Paulo,Brasilien,"S칚o Paulo, Brasilien",,"S칚o Paulo, Brasilien",,,Brazil,,,2022-08-14,2022-07-27,2022-08-14,http://pbs.twimg.com/profile_images/1481473339596197893/NVQ7v7lW_400x400.jpg
189,@vinnyroyprince,31000,[31K],4602,vinnyroyprince,31171,6300.0,"S칚o Paulo, Brasil",S칚o Paulo,Brasil,"S칚o Paulo, Brasil",,"S칚o Paulo, Brasil",,,Brazil,,,2022-08-14,2022-07-09,2022-08-14,http://pbs.twimg.com/profile_images/1438959871983030283/PF2eHq8J_400x400.jpg
190,@lorranteles1,31000,[31K],4603,lorranteles1,31167,,"Rio de Janeiro, Brasil",Rio de Janeiro,Brasil,"Rio de Janeiro, Brasil",,"Rio de Janeiro, Brasil",,,Brazil,,,2022-08-13,2022-07-16,2022-08-14,http://pbs.twimg.com/profile_images/1492999876254355460/rfiZp8lv_400x400.jpg
191,@alexcapixabaaa,31000,[31K],4642,alexcapixabaaa,30741,,"S칚o Paulo, Brasil",S칚o Paulo,Brasil,"S칚o Paulo, Brasil",,"S칚o Paulo, Brasil",,,Brazil,,,2022-08-13,2022-08-12,2022-08-14,http://pbs.twimg.com/profile_images/1460882914376404994/GC8ZwJUC_400x400.jpg
192,@tiagosanxl,30000,[30K],4673,tiagosanxl,30416,,"S칚o Paulo, Brasil",S칚o Paulo,Brasil,"S칚o Paulo, Brasil",,"S칚o Paulo, Brasil",,,Brazil,,,2022-08-13,2022-08-08,2022-08-14,http://pbs.twimg.com/profile_images/1322376887780466688/mxN4Mtvt_400x400.jpg
193,@fugaiury,30000,[30K],4678,fugaiury,30378,,"Franca, Brasil",Franca,Brasil,"Franca, Brasil",,"Franca, Brasil",,,Brazil,,,2022-08-13,2022-07-22,2022-08-14,http://pbs.twimg.com/profile_images/1440626811960848388/OyLfNkIT_400x400.jpg
194,@akajpxxx,30000,[30K],4679,akajpxxx,30376,1500.0,"Rio de Janeiro, Brasil",Rio de Janeiro,Brasil,"Rio de Janeiro, Brasil",,"Rio de Janeiro, Brasil",,,Brazil,,,2022-08-13,2022-08-09,2022-08-14,http://pbs.twimg.com/profile_images/1279824390876782593/I0vY82wM_400x400.jpg
195,@jv_pedroo,30000,[30K],4701,jv_pedroo,30187,,S칚o Paulo,S칚o Paulo,,S칚o Paulo,,S칚o Paulo,,,Brazil,,S칚o Paulo,2022-08-13,2022-08-11,2022-08-14,
196,@alexmotoboyx,30000,[30K],4751,alexmotoboyx,29664,,"S칚o Paulo, Brasil",S칚o Paulo,Brasil,"S칚o Paulo, Brasil",,"S칚o Paulo, Brasil",,,Brazil,,,2022-08-13,2022-08-08,2022-08-14,http://pbs.twimg.com/profile_images/1442890926733422595/Xg5PwLFl_400x400.jpg
197,@dotcsp,29000,[29K],4783,dotcsp,29298,,"S칚o Paulo, Brasil",S칚o Paulo,Brasil,"S칚o Paulo, Brasil",,"S칚o Paulo, Brasil",,,Brazil,,,2022-08-14,2022-07-26,2022-08-14,http://pbs.twimg.com/profile_images/1394826105614438402/yLdS1NEs_400x400.jpg
198,@ojerrigomes,29000,[29K],4837,ojerrigomes,28732,881.0,"S칚o Paulo, Brasil",S칚o Paulo,Brasil,"S칚o Paulo, Brasil",,"S칚o Paulo, Brasil",,,Brazil,,,2022-08-13,2022-08-12,2022-08-14,
199,@icaroonly22,28000,[28K],4880,icaroonly22,28219,,"S칚o Paulo, Brasil",S칚o Paulo,Brasil,"S칚o Paulo, Brasil",,"S칚o Paulo, Brasil",,,Brazil,,,2022-08-13,2022-06-29,2022-08-14,
200,@hairynastyboy,28000,[28K],4884,hairynastyboy,28201,,"Guarulhos, Brasil ",Guarulhos,Brasil,"Guarulhos, Brasil",,"Guarulhos, Brasil",,,Brazil,,,2022-08-13,2022-08-09,2022-08-14,http://pbs.twimg.com/profile_images/1513664253475053577/UwaR2fK1_400x400.jpg
201,@max24cmxxl,27000,[27K],4968,max24cmxxl,27458,,S칚o Paulo ,S칚o Paulo,,S칚o Paulo,,S칚o Paulo,,,Brazil,,S칚o Paulo,2022-08-14,2022-08-13,2022-08-14,http://pbs.twimg.com/profile_images/1519917807139442690/8BkiGvpN_400x400.jpg
202,@realtaloxx_,27000,[27K],5056,realtaloxx_,26552,,"Rio de Janeiro, Brasilien",Rio de Janeiro,Brasilien,"Rio de Janeiro, Brasilien",,"Rio de Janeiro, Brasilien",,,Brazil,,,2022-08-14,2022-08-09,2022-08-14,http://pbs.twimg.com/profile_images/1278526453844451328/ppCwYZl6_400x400.jpg
203,@eusadic,26000,[26K],5101,eusadic,26128,,"Bras칤lia, Brasilien",Bras칤lia,Brasilien,"Bras칤lia, Brasilien",,"Bras칤lia, Brasilien",,,Brazil,,Brasilia,2022-08-13,2022-08-03,2022-08-14,http://pbs.twimg.com/profile_images/1378738589194977282/nbT6pJ6z_400x400.jpg
204,@louisalej24,26000,[26K],5168,louisalej24,25566,556.0,"S칚o Paulo, Brasil",S칚o Paulo,Brasil,"S칚o Paulo, Brasil",,"S칚o Paulo, Brasil",,,Brazil,,,2022-08-13,2022-08-10,2022-08-14,http://pbs.twimg.com/profile_images/1493590406075932678/isKFcXqD_400x400.jpg
205,@melatxxxx,26000,[26K],5173,melatxxxx,25516,,"Belo Horizonte, Brasilien",Belo Horizonte,Brasilien,"Belo Horizonte, Brasilien",,"Belo Horizonte, Brasilien",,,Brazil,,,2022-08-13,2022-08-06,2022-08-14,http://pbs.twimg.com/profile_images/1513740864778035201/zIs59tJn_400x400.jpg
206,@jottaeoficial,25000,[25K],5185,jottaeoficial,25403,,"Rio de Janeiro, Brasilien",Rio de Janeiro,Brasilien,"Rio de Janeiro, Brasilien",,"Rio de Janeiro, Brasilien",,,Brazil,,,2022-08-13,2022-08-04,2022-08-14,http://pbs.twimg.com/profile_images/1461632441492324363/5agYb0H3_400x400.jpg
207,@ativocoparjp4,24000,[24K],5289,ativocoparjp4,24461,194.0,"Rio de Janeiro, Brasil",Rio de Janeiro,Brasil,"Rio de Janeiro, Brasil",,"Rio de Janeiro, Brasil",,,Brazil,,,2022-08-13,2022-07-29,2022-08-14,http://pbs.twimg.com/profile_images/1488824640331988994/2QzgaNF6_400x400.jpg
208,@luizxxxsartori,24000,[24K],5319,luizxxxsartori,24198,6600.0,Brasil,Brasil,,Brasil,,Brasil,,,Brazil,,,2022-08-13,2022-08-05,2022-08-14,http://pbs.twimg.com/profile_images/1523112546433183746/3hsfYgvo_400x400.jpg
209,@casalnerdrj,24000,[24K],5327,casalnerdrj,24084,1100.0,"Rio de Janeiro, Brasil",Rio de Janeiro,Brasil,"Rio de Janeiro, Brasil",,"Rio de Janeiro, Brasil",,,Brazil,,,2022-08-14,2022-08-14,2022-08-14,http://pbs.twimg.com/profile_images/1500674334448402433/UKwDGgjF_400x400.jpg
210,@kingcrowxxx,24000,[24K],5347,kingcrowxxx,23939,431.0,"Goi칙nia, Brasil",Goi칙nia,Brasil,"Goi칙nia, Brasil",,"Goi칙nia, Brasil",,,Brazil,,,2022-08-13,2022-08-13,2022-08-14,http://pbs.twimg.com/profile_images/1501419670498381826/fgsa6d8s_400x400.jpg
211,@pigboyoficial,24000,[24K],5372,pigboyoficial,23776,,"Minas Gerais, Brasil",Minas Gerais,Brasil,"Minas Gerais, Brasil",,"Minas Gerais, Brasil",,,Brazil,,,2022-08-13,2022-08-04,2022-08-14,http://pbs.twimg.com/profile_images/1455006494802550784/pr0e47nM_400x400.jpg
212,@leoferraztattoo,24000,[24K],5381,leoferraztattoo,23704,,"Belo Horizonte, Brasilien",Belo Horizonte,Brasilien,"Belo Horizonte, Brasilien",,"Belo Horizonte, Brasilien",,,Brazil,,,2022-08-13,2022-08-05,2022-08-14,http://pbs.twimg.com/profile_images/1529859748136468480/f1B3FLG4_400x400.jpg
213,@andersalgado01,23000,[23K],5454,andersalgado01,23172,257.0,"Rio de Janeiro, Brasil",Rio de Janeiro,Brasil,"Rio de Janeiro, Brasil",,"Rio de Janeiro, Brasil",,,Brazil,,,2022-08-13,2022-08-08,2022-08-14,http://pbs.twimg.com/profile_images/1467301817730146305/0krCIzpW_400x400.jpg
214,@advogatoxxl,23000,[23K],5487,advogatoxxl,22860,,"Curitiba, Brasil",Curitiba,Brasil,"Curitiba, Brasil",,"Curitiba, Brasil",,,Brazil,,,2022-08-13,2022-08-05,2022-08-14,http://pbs.twimg.com/profile_images/1468275344008482824/_DxNvwAE_400x400.jpg
215,@cumber17,23000,[23K],5502,cumber17,22755,17900.0,"S칚o Paulo, Brasil",S칚o Paulo,Brasil,"S칚o Paulo, Brasil",,"S칚o Paulo, Brasil",,,Brazil,,,2022-08-13,2022-08-12,2022-08-14,http://pbs.twimg.com/profile_images/1437879345473859586/U6mGGX0d_400x400.jpg
216,@pacgaymen,22000,[22K],5549,pacgaymen,22384,,"S칚o Paulo, Brasilien",S칚o Paulo,Brasilien,"S칚o Paulo, Brasilien",,"S칚o Paulo, Brasilien",,,Brazil,,,2022-08-13,2022-03-24,2022-08-14,http://pbs.twimg.com/profile_images/1310211506093658113/EukKK_Q__400x400.jpg
217,@louisthassio,22000,[22K],5557,louisthassio,22308,,"S칚o Paulo, Brasil",S칚o Paulo,Brasil,"S칚o Paulo, Brasil",,"S칚o Paulo, Brasil",,,Brazil,,,2022-08-13,2022-05-30,2022-08-14,http://pbs.twimg.com/profile_images/1528682914694762496/SHEwprop_400x400.jpg
218,@lepexxx,21000,[21K],5715,lepexxx,21012,,"Rio de Janeiro, Brasil",Rio de Janeiro,Brasil,"Rio de Janeiro, Brasil",,"Rio de Janeiro, Brasil",,,Brazil,,,2022-08-13,2022-07-29,2022-08-14,http://pbs.twimg.com/profile_images/1506121390017196032/1fuJODsy_400x400.jpg
219,@danteriosxl,21000,[21K],5765,danteriosxl,20594,36.0,"Fortaleza, Brasil",Fortaleza,Brasil,"Fortaleza, Brasil",,"Fortaleza, Brasil",,,Brazil,,,2022-08-13,2022-08-08,2022-08-14,http://pbs.twimg.com/profile_images/1426531766244892680/IEbkR94a_400x400.jpg
220,@chefedobando,20000,[20K],5785,chefedobando,20434,,"Rio de Janeiro, Brasil",Rio de Janeiro,Brasil,"Rio de Janeiro, Brasil",,"Rio de Janeiro, Brasil",,,Brazil,,,2022-08-14,2022-08-02,2022-08-14,http://pbs.twimg.com/profile_images/1526645712032874498/lE8qYkja_400x400.jpg
221,@casal_jhon_john,20000,[20K],5789,casal_jhon_john,20408,,"Salvador, Brasil",Salvador,Brasil,"Salvador, Brasil",,"Salvador, Brasil",,,Brazil,,,2022-08-13,2022-08-04,2022-08-14,
222,@atvbarebacksp,20000,[20K],5829,atvbarebacksp,20161,,"S칚o Paulo, Brasil",S칚o Paulo,Brasil,"S칚o Paulo, Brasil",,"S칚o Paulo, Brasil",,,Brazil,,,2022-08-13,2022-08-09,2022-08-14,
223,@luizfavarettoo,20000,[20K],5833,luizfavarettoo,20118,,"Fortaleza, Brasil",Fortaleza,Brasil,"Fortaleza, Brasil",,"Fortaleza, Brasil",,,Brazil,,,2022-08-13,2022-08-09,2022-08-14,http://pbs.twimg.com/profile_images/1530903201406386176/PK8sU5Av_400x400.jpg
224,@assscesar,20000,[20K],5868,assscesar,19812,,"S칚o Paulo, Brasilien",S칚o Paulo,Brasilien,"S칚o Paulo, Brasilien",,"S칚o Paulo, Brasilien",,,Brazil,,,2022-08-13,2022-03-15,2022-08-14,http://pbs.twimg.com/profile_images/1355179313524572164/DkAsj3Y2_400x400.jpg
225,@black_deel,20000,[20K],5902,black_deel,19548,27.0,"Rio de Janeiro, Brasilien",Rio de Janeiro,Brasilien,"Rio de Janeiro, Brasilien",,"Rio de Janeiro, Brasilien",,,Brazil,,,2022-08-13,2022-08-06,2022-08-14,http://pbs.twimg.com/profile_images/1490136498641022977/vN8lmplh_400x400.jpg
226,@20cmsafado,19000,[19K],5911,20cmsafado,19478,,"S칚o Paulo, Brasil",S칚o Paulo,Brasil,"S칚o Paulo, Brasil",,"S칚o Paulo, Brasil",,,Brazil,,,2022-08-13,2022-08-11,2022-08-14,http://pbs.twimg.com/profile_images/1380393896136560642/VEIl7OeJ_400x400.jpg
227,@luiscopps,19000,[19K],5915,luiscopps,19467,15200.0,"S칚o Paulo, Brasil",S칚o Paulo,Brasil,"S칚o Paulo, Brasil",,"S칚o Paulo, Brasil",,,Brazil,,,2022-08-13,2022-08-11,2022-08-14,http://pbs.twimg.com/profile_images/1519044242244579328/umJg5y3B_400x400.jpg
228,@turkmxxx,19000,[19K],5954,turkmxxx,19189,,US Mexico and Brazil ,US Mexico and Brazil,,US Mexico and Brazil,,US Mexico and Brazil,,,,,,2022-08-14,2022-08-14,2022-08-14,http://pbs.twimg.com/profile_images/1529980745896415239/iXcSyOBo_400x400.jpg
229,@pe3leu_,19000,[19K],5970,pe3leu_,19056,4.0,Brasil,Brasil,,Brasil,,Brasil,,,Brazil,,,2022-08-13,2022-08-13,2022-08-14,http://pbs.twimg.com/profile_images/1519880251895078912/NwLUhpjC_400x400.jpg
230,@dotadoderecife,19000,[19K],6025,dotadoderecife,18750,,"Olinda, Brasil",Olinda,Brasil,"Olinda, Brasil",,"Olinda, Brasil",,,Brazil,,,2022-08-14,2022-08-09,2022-08-14,http://pbs.twimg.com/profile_images/1496120637286494210/_1M9BUnp_400x400.jpg
231,@rawellyreis,18000,[18K],6084,rawellyreis,18351,,"Sao Paulo, Brazil",Sao Paulo,Brazil,"Sao Paulo, Brazil",,"Sao Paulo, Brazil",,,Brazil,,,2022-08-14,2022-08-11,2022-08-14,http://pbs.twimg.com/profile_images/1527634353785806848/l9lFabeb_400x400.jpg
232,@polacoxxxbr,18000,[18K],6165,polacoxxxbr,17777,,"S칚o Paulo, Brasil",S칚o Paulo,Brasil,"S칚o Paulo, Brasil",,"S칚o Paulo, Brasil",,,Brazil,,,2022-08-13,2022-08-13,2022-08-14,http://pbs.twimg.com/profile_images/1520058247574654976/1VoBLmqC_400x400.jpg
233,@hugosalles2020,17000,[17K],6236,hugosalles2020,17364,3200.0,"Uberl칙ndia, Brasil",Uberl칙ndia,Brasil,"Uberl칙ndia, Brasil",,"Uberl칙ndia, Brasil",,,Brazil,,,2022-08-14,2022-08-11,2022-08-14,http://pbs.twimg.com/profile_images/1479105140351127554/nifGSwrP_400x400.jpg
234,@uncutsx,17000,[17K],6290,uncutsx,16966,1700.0,"Manaus, Brasil",Manaus,Brasil,"Manaus, Brasil",,"Manaus, Brasil",,,Brazil,,,2022-08-14,2022-08-14,2022-08-14,http://pbs.twimg.com/profile_images/1488402629566808066/hHTx0Db5_400x400.jpg
235,@zlspnovin,17000,[17K],6338,zlspnovin,16652,,"S칚o Paulo, Brasil",S칚o Paulo,Brasil,"S칚o Paulo, Brasil",,"S칚o Paulo, Brasil",,,Brazil,,,2022-08-14,2022-08-01,2022-08-14,http://pbs.twimg.com/profile_images/1511051718385192969/DoPdPRzo_400x400.jpg
236,@nandoonxxx1,17000,[17K],6339,nandoonxxx1,16641,350.0,"S칚o Paulo, Brasil",S칚o Paulo,Brasil,"S칚o Paulo, Brasil",,"S칚o Paulo, Brasil",,,Brazil,,,2022-08-13,2022-08-13,2022-08-14,http://pbs.twimg.com/profile_images/1432801638830546944/onOGmnQl_400x400.jpg
237,@sakibrazil,17000,[17K],6360,sakibrazil,16527,266.0,"S칚o Paulo, Brasil",S칚o Paulo,Brasil,"S칚o Paulo, Brasil",,"S칚o Paulo, Brasil",,,Brazil,,,2022-08-13,2022-08-02,2022-08-14,http://pbs.twimg.com/profile_images/1533561636795125766/twVUm0f3_400x400.jpg
238,@menezestallison,16000,[16K],6409,menezestallison,16252,,"Goi칙nia, Brasil",Goi칙nia,Brasil,"Goi칙nia, Brasil",,"Goi칙nia, Brasil",,,Brazil,,,2022-08-13,2022-06-30,2022-08-14,http://pbs.twimg.com/profile_images/1479635694867955712/wPsHPWPI_400x400.jpg
239,@edgarxzxx,16000,[16K],6424,edgarxzxx,16169,148.0,"S칚o Paulo, Brasil",S칚o Paulo,Brasil,"S칚o Paulo, Brasil",,"S칚o Paulo, Brasil",,,Brazil,,,2022-08-13,2022-08-06,2022-08-14,http://pbs.twimg.com/profile_images/1520789919899308032/BKCw2X5A_400x400.jpg
240,@gusafadin,16000,[16K],6470,gusafadin,15977,2.0,"Florian칩polis, Brasil",Florian칩polis,Brasil,"Florian칩polis, Brasil",,"Florian칩polis, Brasil",,,Brazil,,,2022-08-13,2022-07-26,2022-08-14,http://pbs.twimg.com/profile_images/1460747106726129674/MWwc5FAx_400x400.jpg
241,@ernesto_maartin,16000,[16K],6499,ernesto_maartin,15832,17.0,"S칚o Paulo, Brasil",S칚o Paulo,Brasil,"S칚o Paulo, Brasil",,"S칚o Paulo, Brasil",,,Brazil,,,2022-08-13,2022-07-25,2022-08-14,http://pbs.twimg.com/profile_images/1525596669869539328/vXYFW2yw_400x400.jpg
242,@sexogostosorio2,16000,[16K],6504,sexogostosorio2,15802,,"Rio de Janeiro, Brasil",Rio de Janeiro,Brasil,"Rio de Janeiro, Brasil",,"Rio de Janeiro, Brasil",,,Brazil,,,2022-08-13,2022-08-09,2022-08-14,http://pbs.twimg.com/profile_images/939141303778017280/gHJ8P5NR_400x400.jpg
243,@shay_viens,16000,[16K],6508,shay_viens,15780,,"Rio de Janeiro, Brasil",Rio de Janeiro,Brasil,"Rio de Janeiro, Brasil",,"Rio de Janeiro, Brasil",,,Brazil,,,2022-08-13,2022-07-26,2022-08-14,
244,@pietrohoffmann1,16000,[16K],6522,pietrohoffmann1,15699,1700.0,"Rio de Janeiro, Brasilien",Rio de Janeiro,Brasilien,"Rio de Janeiro, Brasilien",,"Rio de Janeiro, Brasilien",,,Brazil,,,2022-08-13,2022-08-09,2022-08-14,http://pbs.twimg.com/profile_images/1501740116393484296/K4SBzZOx_400x400.jpg
245,@xooliverx1,15000,[15K],6580,xooliverx1,15429,,"Vila Velha, Brasil",Vila Velha,Brasil,"Vila Velha, Brasil",,"Vila Velha, Brasil",,,Brazil,,,2022-08-13,2022-08-13,2022-08-14,http://pbs.twimg.com/profile_images/1466777339031957506/2SJ29t4m_400x400.jpg
246,@wesleynikexl,15000,[15K],6604,wesleynikexl,15310,,"Rio de Janeiro, Brasil",Rio de Janeiro,Brasil,"Rio de Janeiro, Brasil",,"Rio de Janeiro, Brasil",,,Brazil,,,2022-08-14,2022-08-02,2022-08-14,http://pbs.twimg.com/profile_images/1346546500277587969/oPa6c2iy_400x400.jpg
247,@pedrosurfxxl,15000,[15K],6625,pedrosurfxxl,15171,323.0,Brazil,Brazil,,Brazil,,Brazil,,,Brazil,,,2022-08-13,2022-07-19,2022-08-14,http://pbs.twimg.com/profile_images/1502691316081246219/GnkhjldT_400x400.jpg
248,@hotlatino212,15000,[15K],6704,hotlatino212,14722,,"S칚o Paulo, Brasil",S칚o Paulo,Brasil,"S칚o Paulo, Brasil",,"S칚o Paulo, Brasil",,,Brazil,,,2022-08-14,2022-07-28,2022-08-14,http://pbs.twimg.com/profile_images/1428296768630968320/yyHSHD5q_400x400.jpg
249,@jotajotareal,15000,[15K],6705,jotajotareal,14714,8700.0,"Rio de Janeiro, Brasil",Rio de Janeiro,Brasil,"Rio de Janeiro, Brasil",,"Rio de Janeiro, Brasil",,,Brazil,,,2022-08-13,2022-08-11,2022-08-14,http://pbs.twimg.com/profile_images/1515914579297148933/tR--hlQe_400x400.jpg
250,@vulgo_moreninn,14000,[14K],6768,vulgo_moreninn,14423,,"S칚o Paulo, Brasil",S칚o Paulo,Brasil,"S칚o Paulo, Brasil",,"S칚o Paulo, Brasil",,,Brazil,,,2022-08-13,2022-08-08,2022-08-14,http://pbs.twimg.com/profile_images/1529256914630082561/IwEmd2YY_400x400.jpg
251,@albertospencer_,13000,[13K],6919,albertospencer_,13497,34.0,"Rio de Janeiro, Brasil",Rio de Janeiro,Brasil,"Rio de Janeiro, Brasil",,"Rio de Janeiro, Brasil",,,Brazil,,,2022-08-14,2022-08-04,2022-08-14,http://pbs.twimg.com/profile_images/1519086428508114947/jfxDmsVx_400x400.jpg
252,@_xxlucasfelippe,13000,[13K],6922,_xxlucasfelippe,13483,,"Uberl칙ndia, Brasil",Uberl칙ndia,Brasil,"Uberl칙ndia, Brasil",,"Uberl칙ndia, Brasil",,,Brazil,,,2022-08-13,2022-08-13,2022-08-14,
253,@rodrigocpass,13000,[13K],6939,rodrigocpass,13398,166.0,"Florian칩polis, Brasil",Florian칩polis,Brasil,"Florian칩polis, Brasil",,"Florian칩polis, Brasil",,,Brazil,,,2022-08-14,2022-07-31,2022-08-14,http://pbs.twimg.com/profile_images/1514106921766293506/95WIRE5j_400x400.jpg
254,@grande3grosso,13000,[13K],7032,grande3grosso,12960,,"S칚o Paulo, Brasilien",S칚o Paulo,Brasilien,"S칚o Paulo, Brasilien",,"S칚o Paulo, Brasilien",,,Brazil,,,2022-08-13,2022-08-07,2022-08-14,http://pbs.twimg.com/profile_images/1503571130560491522/RWv61rBk_400x400.jpg
255,@jrfont69,12000,[12K],7223,jrfont69,12134,,"S칚o Paulo, Brasil",S칚o Paulo,Brasil,"S칚o Paulo, Brasil",,"S칚o Paulo, Brasil",,,Brazil,,,2022-08-14,2022-08-02,2022-08-14,http://pbs.twimg.com/profile_images/1524689403288903682/8hjWIJ4T_400x400.jpg
256,@isonlyandy,12000,[12K],7237,isonlyandy,12079,,"Curitiba, Brasil",Curitiba,Brasil,"Curitiba, Brasil",,"Curitiba, Brasil",,,Brazil,,,2022-08-13,2022-08-09,2022-08-14,http://pbs.twimg.com/profile_images/1349718282820063232/tUJK16Va_400x400.jpg
257,@carllosmaranhao,12000,[12K],7272,carllosmaranhao,11933,5200.0,S칚o Paulo ,S칚o Paulo,,S칚o Paulo,,S칚o Paulo,,,Brazil,,S칚o Paulo,2022-08-13,2022-08-11,2022-08-14,http://pbs.twimg.com/profile_images/1519338014534733824/T6JlMsC-_400x400.jpg
258,@sensorytantrics,12000,[12K],7315,sensorytantrics,11699,7600.0,"S칚o Paulo, Brasil",S칚o Paulo,Brasil,"S칚o Paulo, Brasil",,"S칚o Paulo, Brasil",,,Brazil,,,2022-08-13,2022-07-29,2022-08-14,http://pbs.twimg.com/profile_images/1488371164816760833/9Xi4zynS_400x400.jpg
259,@recdiamondxxl,12000,[12K],7319,recdiamondxxl,11682,,"Recife, Brasil",Recife,Brasil,"Recife, Brasil",,"Recife, Brasil",,,Brazil,,,2022-08-13,2022-07-04,2022-08-14,http://pbs.twimg.com/profile_images/1436339040555524104/2P774MSe_400x400.jpg
260,@vitorgoesmg,11000,[11K],7387,vitorgoesmg,11446,36.0,"Belo Horizonte, Brasilien",Belo Horizonte,Brasilien,"Belo Horizonte, Brasilien",,"Belo Horizonte, Brasilien",,,Brazil,,,2022-08-13,2022-07-31,2022-08-14,http://pbs.twimg.com/profile_images/1530794008158560256/F_kq1FlB_400x400.jpg
261,@gyntrin2,11000,[11K],7448,gyntrin2,11171,,"Goi치s, Brasilien",Goi치s,Brasilien,"Goi치s, Brasilien",,"Goi치s, Brasilien",,,Brazil,,,2022-08-13,2022-07-22,2022-08-14,http://pbs.twimg.com/profile_images/1294078057024598017/RsrzK2Vo_400x400.jpg
262,@flakavlogs,11000,[11K],7454,flakavlogs,11131,,"Cuiab치, Brasilien",Cuiab치,Brasilien,"Cuiab치, Brasilien",,"Cuiab치, Brasilien",,,Brazil,,,2022-08-13,2022-08-12,2022-08-14,http://pbs.twimg.com/profile_images/1521143952228986882/xJWb2aTr_400x400.jpg
263,@vinnirodrgs,11000,[11K],7486,vinnirodrgs,10970,189.0,"Belo Horizonte, Brasil",Belo Horizonte,Brasil,"Belo Horizonte, Brasil",,"Belo Horizonte, Brasil",,,Brazil,,,2022-08-13,2022-08-12,2022-08-14,http://pbs.twimg.com/profile_images/1482043202584694786/7t5g1ebL_400x400.jpg
264,@one_bad_guy,11000,[11K],7517,one_bad_guy,10839,7000.0,"Rio de Janeiro, Brasilien",Rio de Janeiro,Brasilien,"Rio de Janeiro, Brasilien",,"Rio de Janeiro, Brasilien",,,Brazil,,,2022-08-13,2022-08-07,2022-08-14,http://pbs.twimg.com/profile_images/1528495816171831298/nZyqaOqP_400x400.jpg
265,@whitehorsexxl,11000,[11K],7573,whitehorsexxl,10619,,"S칚o Paulo, Brasilien",S칚o Paulo,Brasilien,"S칚o Paulo, Brasilien",,"S칚o Paulo, Brasilien",,,Brazil,,,2022-08-13,2022-08-04,2022-08-14,http://pbs.twimg.com/profile_images/1516212908484706312/cmtgdYC6_400x400.jpg
266,@po3tta,10000,[10K],7675,po3tta,10145,,"Rio de Janeiro, Brasil",Rio de Janeiro,Brasil,"Rio de Janeiro, Brasil",,"Rio de Janeiro, Brasil",,,Brazil,,,2022-08-13,2022-08-04,2022-08-14,http://pbs.twimg.com/profile_images/1517512593988112384/esIIoXOY_400x400.jpg
267,@npermitir,10000,[10K],7793,npermitir,9688,,"S칚o Paulo, Brasil",S칚o Paulo,Brasil,"S칚o Paulo, Brasil",,"S칚o Paulo, Brasil",,,Brazil,,,2022-08-13,2022-08-11,2022-08-14,http://pbs.twimg.com/profile_images/1126823598352732161/tcvWtVTe_400x400.jpg
268,@marcielffreitas,10000,[10K],7806,marcielffreitas,9634,723.0,"Santa Catarina, Brasil",Santa Catarina,Brasil,"Santa Catarina, Brasil",,"Santa Catarina, Brasil",,,Brazil,,,2022-08-13,2022-08-11,2022-08-14,http://pbs.twimg.com/profile_images/1426552963645026306/nzjbjIEt_400x400.jpg
269,@blackdeltoro,9000,[9K],7926,blackdeltoro,9154,,"S칚o Paulo, Brasil",S칚o Paulo,Brasil,"S칚o Paulo, Brasil",,"S칚o Paulo, Brasil",,,Brazil,,,2022-08-13,2022-08-06,2022-08-14,
270,@schwarzaxxl,9000,[9K],8098,schwarzaxxl,8526,,"Porto Alegre, Brasil",Porto Alegre,Brasil,"Porto Alegre, Brasil",,"Porto Alegre, Brasil",,,Brazil,,,2022-08-14,2022-08-05,2022-08-14,http://pbs.twimg.com/profile_images/1523355682522775552/xdyUymTs_400x400.jpg
271,@luketaylorxo,8000,[8K],8120,luketaylorxo,8442,69.0,"Rio de Janeiro, Brasilien",Rio de Janeiro,Brasilien,"Rio de Janeiro, Brasilien",,"Rio de Janeiro, Brasilien",,,Brazil,,,2022-08-13,2022-08-02,2022-08-14,http://pbs.twimg.com/profile_images/1521940552169795587/Vdn3thz6_400x400.jpg
272,@insaciavel_psv,8000,[8K],8172,insaciavel_psv,8241,2.0,"S칚o Paulo, Brasil",S칚o Paulo,Brasil,"S칚o Paulo, Brasil",,"S칚o Paulo, Brasil",,,Brazil,,,2022-08-13,2022-08-11,2022-08-14,http://pbs.twimg.com/profile_images/1527446212206551041/tbXHDxyb_400x400.jpg
273,@jeffcppa,8000,[8K],8179,jeffcppa,8220,18.0,"S칚o Paulo, Brasil",S칚o Paulo,Brasil,"S칚o Paulo, Brasil",,"S칚o Paulo, Brasil",,,Brazil,,,2022-08-13,2022-07-30,2022-08-14,http://pbs.twimg.com/profile_images/1498798224408289282/3-x06_q6_400x400.jpg
274,@turcofloripaxxx,8000,[8K],8203,turcofloripaxxx,8128,21.0,Brasil,Brasil,,Brasil,,Brasil,,,Brazil,,,2022-08-14,2022-08-06,2022-08-14,http://pbs.twimg.com/profile_images/1502216132110991361/QOb6nrQ1_400x400.jpg
275,@rickduvalle,8000,[8K],8215,rickduvalle,8064,,"Natal, Brasil",Natal,Brasil,"Natal, Brasil",,"Natal, Brasil",,,Brazil,,,2022-08-14,2022-07-22,2022-08-14,http://pbs.twimg.com/profile_images/1001976683484852226/cM8zNSJb_400x400.jpg
276,@ggboyfeet,8000,[8K],8237,ggboyfeet,7994,1200.0,"Rio de Janeiro, Brasil",Rio de Janeiro,Brasil,"Rio de Janeiro, Brasil",,"Rio de Janeiro, Brasil",,,Brazil,,,2022-08-13,2022-08-02,2022-08-14,http://pbs.twimg.com/profile_images/1400032999958355973/WgUI-Be-_400x400.jpg
277,@boyms29,8000,[8K],8250,boyms29,7967,,"Campo Grande, Brasil",Campo Grande,Brasil,"Campo Grande, Brasil",,"Campo Grande, Brasil",,,Brazil,,,2022-08-13,2022-07-11,2022-08-14,http://pbs.twimg.com/profile_images/1535773201355132930/kHS-nUPF_400x400.jpg
278,@exhib94,8000,[8K],8349,exhib94,7596,,"S칚o Paulo, Brasil",S칚o Paulo,Brasil,"S칚o Paulo, Brasil",,"S칚o Paulo, Brasil",,,Brazil,,,2022-08-13,2022-08-08,2022-08-14,http://pbs.twimg.com/profile_images/1503074189548429322/PYNCPe9i_400x400.jpg
279,@realfarleyx,8000,[8K],8352,realfarleyx,7581,16400.0,"Rio de Janeiro, Brasil",Rio de Janeiro,Brasil,"Rio de Janeiro, Brasil",,"Rio de Janeiro, Brasil",,,Brazil,,,2022-08-13,2022-08-04,2022-08-14,
280,@jmendes86,7000,[7K],8402,jmendes86,7435,381.0,"Cuiab치, Brasil",Cuiab치,Brasil,"Cuiab치, Brasil",,"Cuiab치, Brasil",,,Brazil,,,2022-08-13,2022-07-05,2022-08-14,http://pbs.twimg.com/profile_images/1236422089642475521/r6VUQqJU_400x400.jpg
281,@privateyork,7000,[7K],8413,privateyork,7400,,Brasil,Brasil,,Brasil,,Brasil,,,Brazil,,,2022-08-14,2022-08-01,2022-08-14,
282,@werikstaylor,7000,[7K],8499,werikstaylor,7144,,"S칚o Paulo, Brasil",S칚o Paulo,Brasil,"S칚o Paulo, Brasil",,"S칚o Paulo, Brasil",,,Brazil,,,2022-08-13,2022-08-10,2022-08-14,http://pbs.twimg.com/profile_images/1459250546825732105/SF1shfxw_400x400.jpg
283,@maxcarioka,7000,[7K],8551,maxcarioka,6975,94.0,"Rio de Janeiro, Brasil",Rio de Janeiro,Brasil,"Rio de Janeiro, Brasil",,"Rio de Janeiro, Brasil",,,Brazil,,,2022-08-13,2022-08-13,2022-08-14,http://pbs.twimg.com/profile_images/1531687134121304066/1nmfhK_h_400x400.jpg
284,@twinkboybr,7000,[7K],8591,twinkboybr,6817,,"S칚o Paulo, Brasilien",S칚o Paulo,Brasilien,"S칚o Paulo, Brasilien",,"S칚o Paulo, Brasilien",,,Brazil,,,2022-08-14,2022-08-14,2022-08-14,http://pbs.twimg.com/profile_images/1535288841409544192/DLTb751D_400x400.jpg
285,@bearfromatibaia,7000,[7K],8596,bearfromatibaia,6807,,"Atibaia, Brasil",Atibaia,Brasil,"Atibaia, Brasil",,"Atibaia, Brasil",,,Brazil,,,2022-08-13,2022-07-19,2022-08-14,
286,@alerr24dot_,7000,[7K],8634,alerr24dot_,6711,,"Rio de Janeiro, Brasilien",Rio de Janeiro,Brasilien,"Rio de Janeiro, Brasilien",,"Rio de Janeiro, Brasilien",,,Brazil,,,2022-08-13,2022-08-10,2022-08-14,
287,@theotterman007,7000,[7K],8710,theotterman007,6506,,Brasil,Brasil,,Brasil,,Brasil,,,Brazil,,,2022-08-13,2022-08-09,2022-08-14,http://pbs.twimg.com/profile_images/1455211347881385984/D6NjtHVj_400x400.jpg
288,@jhon_herione,6000,[6K],8724,jhon_herione,6456,10.0,"Salvador, Brasil",Salvador,Brasil,"Salvador, Brasil",,"Salvador, Brasil",,,Brazil,,,2022-08-14,2022-07-27,2022-08-14,http://pbs.twimg.com/profile_images/1507861599419346956/MM7x2OxR_400x400.jpg
289,@alternativax_,6000,[6K],8784,alternativax_,6282,,"Rio de Janeiro, Brasil",Rio de Janeiro,Brasil,"Rio de Janeiro, Brasil",,"Rio de Janeiro, Brasil",,,Brazil,,,2022-08-13,2022-08-11,2022-08-14,
290,@caixetahigor,6000,[6K],8796,caixetahigor,6259,,"Bras칤lia, Brasil",Bras칤lia,Brasil,"Bras칤lia, Brasil",,"Bras칤lia, Brasil",,,Brazil,,Brasilia,2022-08-13,2022-08-13,2022-08-14,http://pbs.twimg.com/profile_images/1072216028309000192/HQjzk62I_400x400.jpg
291,@teixeiraklaudi0,6000,[6K],8893,teixeiraklaudi0,5974,801.0,"Bras칤lia, Brasil",Bras칤lia,Brasil,"Bras칤lia, Brasil",,"Bras칤lia, Brasil",,,Brazil,,Brasilia,2022-08-13,2022-08-13,2022-08-14,http://pbs.twimg.com/profile_images/1508306464628162562/uQrDOlFL_400x400.jpg
292,@nasser500diogo,6000,[6K],8915,nasser500diogo,5917,254.0,"Rio de Janeiro, Brasil",Rio de Janeiro,Brasil,"Rio de Janeiro, Brasil",,"Rio de Janeiro, Brasil",,,Brazil,,,2022-08-13,2022-08-08,2022-08-14,http://pbs.twimg.com/profile_images/1443280630108893184/2gPKQ9Ov_400x400.jpg
293,@xluanfoster,6000,[6K],8972,xluanfoster,5741,,"S칚o Paulo, Brasil",S칚o Paulo,Brasil,"S칚o Paulo, Brasil",,"S칚o Paulo, Brasil",,,Brazil,,,2022-08-13,2022-08-03,2022-08-14,http://pbs.twimg.com/profile_images/1521036505287909376/YVDjmoGd_400x400.jpg
294,@foxvix1,5000,[5K],9066,foxvix1,5477,,"Vit칩ria, Brasilien",Vit칩ria,Brasilien,"Vit칩ria, Brasilien",,"Vit칩ria, Brasilien",,,Brazil,,,2022-08-13,2022-07-29,2022-08-14,http://pbs.twimg.com/profile_images/1304929459305406465/o2QEO_Cn_400x400.jpg
295,@rreis_boyxx1,5000,[5K],9088,rreis_boyxx1,5421,,"Rio de Janeiro, Brasil",Rio de Janeiro,Brasil,"Rio de Janeiro, Brasil",,"Rio de Janeiro, Brasil",,,Brazil,,,2022-08-13,2022-08-10,2022-08-14,http://pbs.twimg.com/profile_images/1522056928607842306/7jJ-Tdce_400x400.jpg
296,@bigramonxxl,5000,[5K],9108,bigramonxxl,5375,,Brasilien,Brasilien,,Brasilien,,Brasilien,,,Brazil,,,2022-08-13,2022-08-04,2022-08-14,http://pbs.twimg.com/profile_images/1503449372058693642/pMDRgPBZ_400x400.jpg
297,@pantaneiro24cm,5000,[5K],9115,pantaneiro24cm,5352,,"S칚o Paulo, Brasil",S칚o Paulo,Brasil,"S칚o Paulo, Brasil",,"S칚o Paulo, Brasil",,,Brazil,,,2022-08-13,2022-08-10,2022-08-14,http://pbs.twimg.com/profile_images/1508987826926501890/IckiCHDK_400x400.jpg
298,@brazbootie,5000,[5K],9280,brazbootie,4962,831.0,"Florian칩polis, Brazil",Florian칩polis,Brazil,"Florian칩polis, Brazil",,"Florian칩polis, Brazil",,,Brazil,,,2022-08-13,2022-08-08,2022-08-14,http://pbs.twimg.com/profile_images/1505585309953802240/Sg-fjOqz_400x400.jpg
299,@jerohanxxx,5000,[5K],9360,jerohanxxx,4738,,"Recife, Brasil",Recife,Brasil,"Recife, Brasil",,"Recife, Brasil",,,Brazil,,,2022-08-13,2022-08-11,2022-08-14,http://pbs.twimg.com/profile_images/1443730547742846976/h_u1QSYd_400x400.jpg
300,@ramires_avilla,5000,[5K],9431,ramires_avilla,4550,,"Rio de Janeiro, Brasilien",Rio de Janeiro,Brasilien,"Rio de Janeiro, Brasilien",,"Rio de Janeiro, Brasilien",,,Brazil,,,2022-08-13,2022-07-29,2022-08-14,
301,@filipe_arantesx,4000,[4K],9487,filipe_arantesx,4440,31.0,S칚o Paulo,S칚o Paulo,,S칚o Paulo,,S칚o Paulo,,,Brazil,,S칚o Paulo,2022-08-13,2022-08-05,2022-08-14,http://pbs.twimg.com/profile_images/1470007586422460417/ol_N8b3f_400x400.jpg
302,@ladenamir,4000,[4K],9580,ladenamir,4193,,"S칚o Paulo, Brasilien",S칚o Paulo,Brasilien,"S칚o Paulo, Brasilien",,"S칚o Paulo, Brasilien",,,Brazil,,,2022-08-13,2022-07-27,2022-08-14,http://pbs.twimg.com/profile_images/1336435427679592448/_1iLDuSQ_400x400.jpg
303,@miliko_gaucho20,4000,[4K],9716,miliko_gaucho20,3869,,"Porto Alegre, Brasil",Porto Alegre,Brasil,"Porto Alegre, Brasil",,"Porto Alegre, Brasil",,,Brazil,,,2022-08-13,2022-08-10,2022-08-14,
304,@eukayo_soaress,3000,[3K],9913,eukayo_soaress,3438,,"Cear치, Brasil",Cear치,Brasil,"Cear치, Brasil",,"Cear치, Brasil",,,Brazil,,,2022-08-13,2022-08-07,2022-08-14,
305,@theoccapri,3000,[3K],9915,theoccapri,3435,,"S칚o Paulo, Brasil",S칚o Paulo,Brasil,"S칚o Paulo, Brasil",,"S칚o Paulo, Brasil",,,Brazil,,,2022-08-13,2022-07-23,2022-08-14,http://pbs.twimg.com/profile_images/1470882832365064192/nK6sZ1dg_400x400.jpg
306,@jimmycrackerxxx,3000,[3K],9988,jimmycrackerxxx,3293,4400.0,"Brazil, IN",Brazil,IN,"Brazil, IN",,"Brazil, IN",,,United States,IN,,2022-08-13,2022-08-03,2022-08-14,http://pbs.twimg.com/profile_images/1345807606280048642/-ine7xp2_400x400.jpg
307,@andersongaucho8,3000,[3K],10033,andersongaucho8,3224,,"Rio de Janeiro, Brasilien",Rio de Janeiro,Brasilien,"Rio de Janeiro, Brasilien",,"Rio de Janeiro, Brasilien",,,Brazil,,,2022-08-13,2022-08-11,2022-08-14,http://pbs.twimg.com/profile_images/1414001765800890370/H5x5RjSQ_400x400.jpg
308,@copariosexyboy,3000,[3K],10094,copariosexyboy,3124,3900.0,"Rio de Janeiro, Brasil",Rio de Janeiro,Brasil,"Rio de Janeiro, Brasil",,"Rio de Janeiro, Brasil",,,Brazil,,,2022-08-13,2022-08-13,2022-08-14,http://pbs.twimg.com/profile_images/1421270616393588736/rNhM8paN_400x400.jpg
309,@_diegonery_,3000,[3K],10189,_diegonery_,2972,,Brasil,Brasil,,Brasil,,Brasil,,,Brazil,,,2022-08-14,2022-08-11,2022-08-14,http://pbs.twimg.com/profile_images/1457887966962069504/q6f4q4zL_400x400.jpg
310,@heybielzuk,3000,[3K],10265,heybielzuk,2843,22300.0,"Natal, Brasil",Natal,Brasil,"Natal, Brasil",,"Natal, Brasil",,,Brazil,,,2022-08-13,2022-08-12,2022-08-14,http://pbs.twimg.com/profile_images/1530531427451867136/FK6ScsYR_400x400.jpg
311,@black_leal2,3000,[3K],10309,black_leal2,2756,,Brasilien,Brasilien,,Brasilien,,Brasilien,,,Brazil,,,2022-08-14,2022-08-05,2022-08-14,http://pbs.twimg.com/profile_images/1484513258967121920/7Sue62nW_400x400.jpg
312,@gaysmoking,3000,[3K],10361,gaysmoking,2663,,"Uberl칙ndia, Brasil",Uberl칙ndia,Brasil,"Uberl칙ndia, Brasil",,"Uberl칙ndia, Brasil",,,Brazil,,,2022-08-13,2022-07-21,2022-08-14,http://pbs.twimg.com/profile_images/1529530099997057026/5bRgUqL3_400x400.jpg
313,@tattooedcwb,2000,[2K],10518,tattooedcwb,2390,,"Curitiba, Brasil",Curitiba,Brasil,"Curitiba, Brasil",,"Curitiba, Brasil",,,Brazil,,,2022-08-14,2022-08-14,2022-08-14,http://pbs.twimg.com/profile_images/1495116951575797764/hxPj3zh3_400x400.jpg
314,@rickyhardxxx,2000,[2K],10524,rickyhardxxx,2375,,"Sao Paulo, Brazil",Sao Paulo,Brazil,"Sao Paulo, Brazil",,"Sao Paulo, Brazil",,,Brazil,,,2022-08-13,2022-08-02,2022-08-14,http://pbs.twimg.com/profile_images/1416893096630030345/n_y3ejuO_400x400.jpg
315,@baixinbarbudo,2000,[2K],10531,baixinbarbudo,2368,,"S칚o Paulo, Brasil",S칚o Paulo,Brasil,"S칚o Paulo, Brasil",,"S칚o Paulo, Brasil",,,Brazil,,,2022-08-13,2022-08-07,2022-08-14,http://pbs.twimg.com/profile_images/1267661256003145729/vEURUEtB_400x400.jpg
316,@antonymarkus85,2000,[2K],10593,antonymarkus85,2245,,"Minas Gerais, Brasil",Minas Gerais,Brasil,"Minas Gerais, Brasil",,"Minas Gerais, Brasil",,,Brazil,,,2022-08-13,2022-07-30,2022-08-14,
317,@umgaycamuflado,2000,[2K],10694,umgaycamuflado,2094,,"Goi칙nia, Brasil",Goi칙nia,Brasil,"Goi칙nia, Brasil",,"Goi칙nia, Brasil",,,Brazil,,,2022-08-13,2022-08-12,2022-08-14,http://pbs.twimg.com/profile_images/1476200415435837445/r3rArtak_400x400.jpg
318,@bi_xcarioca,2000,[2K],10703,bi_xcarioca,2088,,"Rio de Janeiro, Brasil",Rio de Janeiro,Brasil,"Rio de Janeiro, Brasil",,"Rio de Janeiro, Brasil",,,Brazil,,,2022-08-14,2022-08-03,2022-08-14,http://pbs.twimg.com/profile_images/1496225495247212546/TLXNYsFy_400x400.jpg
319,@itboyleon18,2000,[2K],10807,itboyleon18,1925,,"S칚o Paulo, Brasil",S칚o Paulo,Brasil,"S칚o Paulo, Brasil",,"S칚o Paulo, Brasil",,,Brazil,,,2022-08-13,2022-08-11,2022-08-14,http://pbs.twimg.com/profile_images/1531031198784421890/4vxlsE4k_400x400.jpg
320,@dehcassol,2000,[2K],10818,dehcassol,1906,7.0,"Florian칩polis, Brasil",Florian칩polis,Brasil,"Florian칩polis, Brasil",,"Florian칩polis, Brasil",,,Brazil,,,2022-08-13,2022-08-13,2022-08-14,http://pbs.twimg.com/profile_images/1427369213191131139/RFRHV9Ul_400x400.jpg
321,@odanikitten,2000,[2K],11011,odanikitten,1636,,Brazil,Brazil,,Brazil,,Brazil,,,Brazil,,,2022-08-13,2022-08-06,2022-08-14,
322,@lecxmaia,1000,[1K],11187,lecxmaia,1376,,"Porto Alegre, Brasil",Porto Alegre,Brasil,"Porto Alegre, Brasil",,"Porto Alegre, Brasil",,,Brazil,,,2022-08-13,2022-08-12,2022-08-14,http://pbs.twimg.com/profile_images/1496531739367415809/35dLvGJF_400x400.jpg
323,@sweet_boy_am,1000,[1K],11205,sweet_boy_am,1350,,"Manaus, Brasil",Manaus,Brasil,"Manaus, Brasil",,"Manaus, Brasil",,,Brazil,,,2022-08-13,2022-08-11,2022-08-14,http://pbs.twimg.com/profile_images/1435629600760078337/0W7zbqeY_400x400.jpg
324,@haussfeet,1000,[1K],11424,haussfeet,1120,211.0,"Florian칩polis, Brazil",Florian칩polis,Brazil,"Florian칩polis, Brazil",,"Florian칩polis, Brazil",,,Brazil,,,2022-08-13,2022-07-28,2022-08-14,
325,@dotadoalleck,1000,[1K],11537,dotadoalleck,983,217.0,"Uberl칙ndia, Brasil",Uberl칙ndia,Brasil,"Uberl칙ndia, Brasil",,"Uberl칙ndia, Brasil",,,Brazil,,,2022-08-13,2022-08-13,2022-08-14,http://pbs.twimg.com/profile_images/1472263014770434060/qJXZ4lvK_400x400.jpg
326,@gxbrun,1000,[1K],11597,gxbrun,901,,Brasil,Brasil,,Brasil,,Brasil,,,Brazil,,,2022-08-13,2022-08-09,2022-08-14,http://pbs.twimg.com/profile_images/1430359241899102215/2TX66QMx_400x400.jpg
327,@thebeastboy96,1000,[1K],11725,thebeastboy96,725,,"S칚o Paulo, Brasilien",S칚o Paulo,Brasilien,"S칚o Paulo, Brasilien",,"S칚o Paulo, Brasilien",,,Brazil,,,2022-08-13,2022-07-29,2022-08-14,http://pbs.twimg.com/profile_images/1514967706390441989/Rn2ZC4Rt_400x400.jpg
328,@eisaviolima,1000,[1K],11767,eisaviolima,681,,"Caieiras, Brasil",Caieiras,Brasil,"Caieiras, Brasil",,"Caieiras, Brasil",,,Brazil,,,2022-08-13,2022-08-10,2022-08-14,
329,@nov8267,1000,[1K],11833,nov8267,609,,"Minas Gerais, Brasil",Minas Gerais,Brasil,"Minas Gerais, Brasil",,"Minas Gerais, Brasil",,,Brazil,,,2022-08-13,2022-08-01,2022-08-14,
330,@andersonbb21,0,,12230,andersonbb21,242,,"Rio de Janeiro, Brasilien",Rio de Janeiro,Brasilien,"Rio de Janeiro, Brasilien",,"Rio de Janeiro, Brasilien",,,Brazil,,,2022-08-13,2022-08-12,2022-08-14,http://pbs.twimg.com/profile_images/1481140247048204288/R8Ri72_-_400x400.jpg
331,@paulo_t21,0,,12333,paulo_t21,151,,"Costa Marques, Brasil",Costa Marques,Brasil,"Costa Marques, Brasil",,"Costa Marques, Brasil",,,Brazil,,,2022-08-14,2022-08-12,2022-08-14,http://pbs.twimg.com/profile_images/1273091106029404160/VN2lZ5tX_400x400.jpg
332,@abundantemente1,0,,12380,abundantemente1,115,,S칚o Paulo/SP,S칚o Paulo/SP,,S칚o Paulo/SP,,S칚o Paulo,SP,,Brazil,,S칚o Paulo,2022-08-13,2022-08-11,2022-08-14,http://pbs.twimg.com/profile_images/1387563551523495945/4frgsGCa_400x400.jpg
333,@jogadorsampa,0,,12524,jogadorsampa,25,,"S칚o Paulo, Brasilien",S칚o Paulo,Brasilien,"S칚o Paulo, Brasilien",,"S칚o Paulo, Brasilien",,,Brazil,,,2022-08-13,2022-07-06,2022-08-14,http://pbs.twimg.com/profile_images/1500833436369620997/0ervwhQF_400x400.jpg
334,@dayker_0,0,,12566,dayker_0,8,,"Porto Velho, Brasil",Porto Velho,Brasil,"Porto Velho, Brasil",,"Porto Velho, Brasil",,,Brazil,,,2022-08-13,2022-02-26,2022-08-14,
335,@mattxxl3,0,,12605,mattxxl3,1,2700.0,"S칚o Paulo, Brasilien",S칚o Paulo,Brasilien,"S칚o Paulo, Brasilien",,"S칚o Paulo, Brasilien",,,Brazil,,,2022-08-13,2022-08-11,2022-08-14,http://abs.twimg.com/sticky/default_profile_images/default_profile_normal.png